-- phpMyAdmin SQL Dump
-- version 5.0.3
-- https://www.phpmyadmin.net/
--
-- Host: 127.0.0.1
-- Waktu pembuatan: 13 Jan 2021 pada 13.03
-- Versi server: 10.4.14-MariaDB
-- Versi PHP: 7.2.34

SET SQL_MODE = "NO_AUTO_VALUE_ON_ZERO";
START TRANSACTION;
SET time_zone = "+00:00";


/*!40101 SET @OLD_CHARACTER_SET_CLIENT=@@CHARACTER_SET_CLIENT */;
/*!40101 SET @OLD_CHARACTER_SET_RESULTS=@@CHARACTER_SET_RESULTS */;
/*!40101 SET @OLD_COLLATION_CONNECTION=@@COLLATION_CONNECTION */;
/*!40101 SET NAMES utf8mb4 */;

--
-- Database: `db_eapi`
--

-- --------------------------------------------------------

--
-- Struktur dari tabel `failed_jobs`
--

CREATE TABLE `failed_jobs` (
  `id` bigint(20) UNSIGNED NOT NULL,
  `connection` text COLLATE utf8mb4_unicode_ci NOT NULL,
  `queue` text COLLATE utf8mb4_unicode_ci NOT NULL,
  `payload` longtext COLLATE utf8mb4_unicode_ci NOT NULL,
  `exception` longtext COLLATE utf8mb4_unicode_ci NOT NULL,
  `failed_at` timestamp NOT NULL DEFAULT current_timestamp()
) ENGINE=InnoDB DEFAULT CHARSET=utf8mb4 COLLATE=utf8mb4_unicode_ci;

-- --------------------------------------------------------

--
-- Struktur dari tabel `migrations`
--

CREATE TABLE `migrations` (
  `id` int(10) UNSIGNED NOT NULL,
  `migration` varchar(255) COLLATE utf8mb4_unicode_ci NOT NULL,
  `batch` int(11) NOT NULL
) ENGINE=InnoDB DEFAULT CHARSET=utf8mb4 COLLATE=utf8mb4_unicode_ci;

--
-- Dumping data untuk tabel `migrations`
--

INSERT INTO `migrations` (`id`, `migration`, `batch`) VALUES
(6, '2014_10_12_000000_create_users_table', 1),
(7, '2014_10_12_100000_create_password_resets_table', 1),
(8, '2019_08_19_000000_create_failed_jobs_table', 1),
(9, '2021_01_13_105442_create_products_table', 1),
(10, '2021_01_13_105927_create_reviews_table', 1);

-- --------------------------------------------------------

--
-- Struktur dari tabel `password_resets`
--

CREATE TABLE `password_resets` (
  `email` varchar(255) COLLATE utf8mb4_unicode_ci NOT NULL,
  `token` varchar(255) COLLATE utf8mb4_unicode_ci NOT NULL,
  `created_at` timestamp NULL DEFAULT NULL
) ENGINE=InnoDB DEFAULT CHARSET=utf8mb4 COLLATE=utf8mb4_unicode_ci;

-- --------------------------------------------------------

--
-- Struktur dari tabel `products`
--

CREATE TABLE `products` (
  `id` bigint(20) UNSIGNED NOT NULL,
  `name` varchar(255) COLLATE utf8mb4_unicode_ci NOT NULL,
  `detail` text COLLATE utf8mb4_unicode_ci NOT NULL,
  `price` int(11) NOT NULL,
  `stock` int(11) NOT NULL,
  `discount` int(11) NOT NULL,
  `created_at` timestamp NULL DEFAULT NULL,
  `updated_at` timestamp NULL DEFAULT NULL
) ENGINE=InnoDB DEFAULT CHARSET=utf8mb4 COLLATE=utf8mb4_unicode_ci;

--
-- Dumping data untuk tabel `products`
--

INSERT INTO `products` (`id`, `name`, `detail`, `price`, `stock`, `discount`, `created_at`, `updated_at`) VALUES
(1, 'et', 'Debitis facilis nesciunt sed corporis qui. Dolores quidem voluptatem at est doloremque et. Est adipisci eveniet voluptates vel sit.', 278, 1, 42, '2021-01-13 05:01:19', '2021-01-13 05:01:19'),
(2, 'sit', 'Sequi delectus eum delectus. Et nemo et expedita ut occaecati hic. Harum ut impedit illo dolorem commodi.', 542, 3, 39, '2021-01-13 05:01:19', '2021-01-13 05:01:19'),
(3, 'sunt', 'Temporibus consequatur autem quia laboriosam. Quas doloremque aut aut. Sint quia occaecati consequatur dicta mollitia ut reiciendis quisquam.', 380, 9, 25, '2021-01-13 05:01:19', '2021-01-13 05:01:19'),
(4, 'rem', 'Ab hic nihil cupiditate soluta ipsa. Maiores impedit dolores dicta quidem accusantium dolor totam. Accusamus amet possimus maiores. Modi aut autem odio est dolorem commodi.', 130, 6, 26, '2021-01-13 05:01:19', '2021-01-13 05:01:19'),
(5, 'debitis', 'Qui accusantium ullam alias rem non sit. Fuga aut quas eius molestiae.', 447, 5, 47, '2021-01-13 05:01:19', '2021-01-13 05:01:19'),
(6, 'neque', 'Magnam temporibus aut perspiciatis quo sint voluptatem. Similique voluptatibus dignissimos esse quis. Qui rerum vel velit nihil et omnis reiciendis.', 856, 4, 18, '2021-01-13 05:01:19', '2021-01-13 05:01:19'),
(7, 'eos', 'Aut et corrupti cupiditate voluptate omnis iure corporis et. Rerum quod et praesentium mollitia temporibus dolor. Qui alias qui qui minus omnis. Eos quia eos aut.', 551, 1, 43, '2021-01-13 05:01:19', '2021-01-13 05:01:19'),
(8, 'voluptatem', 'In laudantium incidunt et necessitatibus numquam. Aperiam minima qui aut ullam et eius modi voluptatem. Corrupti id inventore nihil est itaque ipsum.', 935, 5, 38, '2021-01-13 05:01:19', '2021-01-13 05:01:19'),
(9, 'autem', 'Ut quas suscipit excepturi delectus non cum facilis. Itaque rerum est quam commodi. Dolores pariatur labore autem at nostrum alias.', 746, 4, 39, '2021-01-13 05:01:19', '2021-01-13 05:01:19'),
(10, 'ullam', 'Exercitationem deserunt earum possimus accusamus officia. Reprehenderit recusandae vero rerum et dolores adipisci voluptate. At mollitia saepe a nobis ut voluptates qui.', 817, 4, 45, '2021-01-13 05:01:19', '2021-01-13 05:01:19'),
(11, 'culpa', 'Assumenda architecto quod fugit et dolor dolor molestias. Sed accusamus hic consequatur odio quibusdam. Autem sit non quasi distinctio dolore. Aut provident dolorem distinctio.', 327, 1, 25, '2021-01-13 05:01:19', '2021-01-13 05:01:19'),
(12, 'assumenda', 'Ut veritatis odio ipsa est ut. Sed aut rerum inventore enim deleniti. Impedit adipisci qui ut animi harum eum.', 612, 3, 30, '2021-01-13 05:01:19', '2021-01-13 05:01:19'),
(13, 'beatae', 'Alias magnam vitae et atque ab non. Corrupti nisi quia doloremque et possimus eveniet cupiditate voluptas. Tempora optio natus molestiae impedit natus sit. Totam deleniti id explicabo dolorem aliquid distinctio.', 650, 6, 50, '2021-01-13 05:01:19', '2021-01-13 05:01:19'),
(14, 'doloremque', 'Rerum optio ut esse est nihil veritatis distinctio. Quis ut a earum aut. Quisquam eos ipsam eos et et nam. Dolorum quo et et dolorem aliquid in rerum voluptas.', 941, 9, 25, '2021-01-13 05:01:19', '2021-01-13 05:01:19'),
(15, 'ex', 'Aut sit in recusandae est similique ad modi reprehenderit. Repellat quasi repellendus quisquam sunt. Aperiam doloremque quis mollitia officia quas quia sequi. Aliquid enim atque voluptas. Molestiae est architecto assumenda.', 746, 8, 39, '2021-01-13 05:01:19', '2021-01-13 05:01:19'),
(16, 'ut', 'Beatae quo ipsum officiis eius iusto molestiae minus. Qui eligendi minima commodi in veniam architecto maxime.', 325, 1, 30, '2021-01-13 05:01:19', '2021-01-13 05:01:19'),
(17, 'molestias', 'Id est id ut. Illum aut dolor ratione saepe corporis aut. Qui veniam optio illum assumenda vero. Aut ut ut voluptatem reprehenderit dolor corporis voluptas. Nam libero molestias blanditiis omnis rerum distinctio perspiciatis.', 201, 3, 24, '2021-01-13 05:01:19', '2021-01-13 05:01:19'),
(18, 'quam', 'Quasi iste sequi neque atque. Natus alias et optio molestias aut placeat dolorem. Hic facilis corrupti fugit eveniet alias velit. Illo soluta blanditiis non quos facilis quasi et et.', 641, 1, 16, '2021-01-13 05:01:19', '2021-01-13 05:01:19'),
(19, 'et', 'Odio molestiae rerum minima blanditiis placeat ea velit commodi. Sed et molestiae fugiat fugit. Animi quis voluptatem aut.', 450, 5, 10, '2021-01-13 05:01:19', '2021-01-13 05:01:19'),
(20, 'eos', 'Ipsam assumenda ut aut consequuntur id est. Qui animi sapiente ducimus. Perspiciatis fugiat corrupti est harum. Sunt eos error et in minus animi eveniet.', 450, 0, 14, '2021-01-13 05:01:19', '2021-01-13 05:01:19'),
(21, 'rerum', 'Consequatur ipsam officiis laudantium sit. Dolorem exercitationem adipisci quis et autem. Aut officia in aut molestias qui aliquid.', 981, 8, 48, '2021-01-13 05:01:19', '2021-01-13 05:01:19'),
(22, 'est', 'Voluptas reiciendis qui nemo et placeat rerum. Ut placeat error aut cumque reiciendis quia. Voluptatem deleniti sed sunt unde hic consequatur rerum temporibus.', 392, 2, 31, '2021-01-13 05:01:19', '2021-01-13 05:01:19'),
(23, 'dolorem', 'Quidem sunt repellendus nostrum minima. Delectus quas consequatur laudantium. Quia id enim officia tenetur praesentium.', 979, 1, 39, '2021-01-13 05:01:19', '2021-01-13 05:01:19'),
(24, 'recusandae', 'Qui voluptas aliquid ducimus saepe quisquam occaecati doloremque omnis. Provident facere quisquam rem placeat occaecati pariatur commodi quibusdam. Totam quo autem quasi vero architecto. Cumque a voluptatem blanditiis molestias.', 399, 2, 40, '2021-01-13 05:01:19', '2021-01-13 05:01:19'),
(25, 'quisquam', 'Et accusamus distinctio ut. Natus quidem aut consequatur sapiente quis vel dignissimos occaecati. Voluptatem assumenda dolores quas et dolor sunt. Ipsam sint velit minus vel quam et qui. Dolore alias non veniam ut unde.', 815, 4, 10, '2021-01-13 05:01:19', '2021-01-13 05:01:19'),
(26, 'et', 'Et inventore non qui. Modi iure iusto ea error.', 229, 9, 33, '2021-01-13 05:01:19', '2021-01-13 05:01:19'),
(27, 'laboriosam', 'Ut in sapiente ipsa. Ducimus similique cum aut aut porro consectetur. Ex distinctio accusantium culpa dolores deserunt. Nobis ad vero qui corrupti.', 204, 7, 31, '2021-01-13 05:01:19', '2021-01-13 05:01:19'),
(28, 'dignissimos', 'Aut aut minima rerum dicta voluptatem et. Debitis quo repellendus rerum totam nemo. Quisquam consequatur facilis id magnam.', 263, 8, 13, '2021-01-13 05:01:19', '2021-01-13 05:01:19'),
(29, 'ratione', 'Nisi facere ipsa quasi et natus quia autem. Odio libero sit voluptatum. Dolorum fugit quae cupiditate suscipit.', 938, 0, 35, '2021-01-13 05:01:19', '2021-01-13 05:01:19'),
(30, 'cupiditate', 'Voluptatem voluptas omnis aliquid possimus voluptas. Dicta vitae explicabo sit molestiae consequuntur. Praesentium illum ut in dicta.', 359, 4, 22, '2021-01-13 05:01:19', '2021-01-13 05:01:19'),
(31, 'ut', 'Quis totam expedita qui id. Neque minima et aut occaecati maxime cumque odio quia. Illum consequuntur nihil modi ut aut fuga.', 611, 4, 37, '2021-01-13 05:01:19', '2021-01-13 05:01:19'),
(32, 'fuga', 'Et eum dicta dolorem et iste asperiores ut. Quasi sint nihil ex necessitatibus repellendus. Incidunt suscipit aut rerum sed rem. Esse est aut sit.', 676, 2, 17, '2021-01-13 05:01:19', '2021-01-13 05:01:19'),
(33, 'atque', 'Enim hic odio dignissimos asperiores dolorum velit. Aut ut quam itaque amet praesentium.', 646, 2, 34, '2021-01-13 05:01:19', '2021-01-13 05:01:19'),
(34, 'fugiat', 'Alias amet repellat dolore reiciendis fugiat odit facilis. Consectetur doloribus eligendi soluta qui. Laborum unde ullam voluptas sapiente non.', 976, 7, 20, '2021-01-13 05:01:19', '2021-01-13 05:01:19'),
(35, 'doloribus', 'Qui ducimus quis qui ea quis est. Magnam consequatur dolorem modi aut impedit. Explicabo nesciunt voluptatem aut omnis enim. Ab odio necessitatibus assumenda sequi quia nobis.', 472, 7, 46, '2021-01-13 05:01:19', '2021-01-13 05:01:19'),
(36, 'sunt', 'Temporibus deserunt voluptas possimus dolorem. Ut ducimus quia et atque quidem. Fuga consectetur atque suscipit.', 810, 7, 15, '2021-01-13 05:01:19', '2021-01-13 05:01:19'),
(37, 'ea', 'Velit et est dolorem laboriosam itaque alias. Id sunt provident aperiam et laudantium ea alias. Eos fugit eveniet deserunt et. In est optio sunt qui.', 620, 5, 37, '2021-01-13 05:01:19', '2021-01-13 05:01:19'),
(38, 'qui', 'Rerum provident et molestiae distinctio. Ut qui non et eum. Ut incidunt aut eaque iure voluptas. Amet pariatur laudantium voluptatem ipsum recusandae recusandae qui.', 423, 7, 23, '2021-01-13 05:01:19', '2021-01-13 05:01:19'),
(39, 'quasi', 'Possimus veniam molestias nostrum. Tempore ut deserunt molestias non magni nihil beatae. Distinctio in doloribus laboriosam distinctio.', 135, 6, 37, '2021-01-13 05:01:19', '2021-01-13 05:01:19'),
(40, 'placeat', 'Error est est facilis fugiat. Ipsum et et ea necessitatibus. Aliquid in explicabo quia culpa vel.', 288, 9, 18, '2021-01-13 05:01:19', '2021-01-13 05:01:19'),
(41, 'atque', 'Id molestiae et autem soluta aut. In nulla voluptatem aliquid illo molestias quia. Et debitis possimus aut.', 513, 6, 33, '2021-01-13 05:01:19', '2021-01-13 05:01:19'),
(42, 'nulla', 'Non expedita nesciunt enim repellat quia provident sequi dignissimos. Molestiae cumque eaque fugiat dicta est. Reiciendis cumque officia minus rerum labore earum. Mollitia libero praesentium impedit saepe iure architecto est.', 347, 0, 47, '2021-01-13 05:01:19', '2021-01-13 05:01:19'),
(43, 'nesciunt', 'Ratione aspernatur dolores ad tempora commodi. Quo quisquam qui alias deleniti.', 385, 4, 50, '2021-01-13 05:01:19', '2021-01-13 05:01:19'),
(44, 'quod', 'Voluptatem odio vel eius quam sequi. Qui est placeat quaerat nobis minima aut.', 164, 0, 19, '2021-01-13 05:01:19', '2021-01-13 05:01:19'),
(45, 'quia', 'Sit veniam earum et magnam sunt pariatur. Laboriosam odit molestiae et ut nihil illo deserunt.', 922, 7, 11, '2021-01-13 05:01:19', '2021-01-13 05:01:19'),
(46, 'quia', 'Placeat rem eius tenetur qui. Nostrum exercitationem animi quia et. Et reiciendis ratione libero et nihil et.', 948, 2, 49, '2021-01-13 05:01:19', '2021-01-13 05:01:19'),
(47, 'illum', 'Enim ut quia harum autem dolorem error. Ratione rerum libero exercitationem ut nesciunt beatae in. Deserunt eveniet sint soluta qui reprehenderit explicabo ipsum. At molestias nostrum quia ut vitae voluptatem.', 914, 1, 41, '2021-01-13 05:01:19', '2021-01-13 05:01:19'),
(48, 'eos', 'Incidunt explicabo qui debitis beatae error. Qui est odit expedita sit commodi quis odio. Id culpa voluptas autem nobis velit vero. Voluptatem a cupiditate id.', 523, 0, 25, '2021-01-13 05:01:19', '2021-01-13 05:01:19'),
(49, 'iure', 'Sed veritatis quisquam sed voluptas qui nesciunt. Modi laboriosam esse nostrum tempore ratione qui. Ipsam earum ipsa est necessitatibus nihil culpa. Eligendi nostrum pariatur odio similique molestiae maiores dolor. Deserunt rerum dolorem et et.', 301, 9, 14, '2021-01-13 05:01:19', '2021-01-13 05:01:19'),
(50, 'repudiandae', 'Asperiores est tenetur vero qui non voluptatem. Enim ut qui cumque autem voluptatem sint rerum consequatur. Ipsa laboriosam sint dolor velit saepe expedita. Qui aut ex saepe dolores accusamus. Autem omnis est temporibus natus vero officiis aliquid.', 334, 0, 27, '2021-01-13 05:01:19', '2021-01-13 05:01:19');

-- --------------------------------------------------------

--
-- Struktur dari tabel `reviews`
--

CREATE TABLE `reviews` (
  `id` bigint(20) UNSIGNED NOT NULL,
  `product_id` bigint(20) UNSIGNED NOT NULL,
  `customer` varchar(255) COLLATE utf8mb4_unicode_ci NOT NULL,
  `review` text COLLATE utf8mb4_unicode_ci NOT NULL,
  `star` int(11) NOT NULL,
  `created_at` timestamp NULL DEFAULT NULL,
  `updated_at` timestamp NULL DEFAULT NULL
) ENGINE=InnoDB DEFAULT CHARSET=utf8mb4 COLLATE=utf8mb4_unicode_ci;

--
-- Dumping data untuk tabel `reviews`
--

INSERT INTO `reviews` (`id`, `product_id`, `customer`, `review`, `star`, `created_at`, `updated_at`) VALUES
(1, 31, 'Fatima Walker', 'Voluptas aut beatae eos non et. Doloremque natus iure aut voluptate. Dolores soluta velit et unde cum quia accusamus. Quasi deleniti harum fugit.', 5, '2021-01-13 05:01:19', '2021-01-13 05:01:19'),
(2, 27, 'Miss Aurore Keebler MD', 'Inventore autem voluptatum commodi necessitatibus. Adipisci ad hic illum atque nam quod ad. Odit asperiores maiores soluta et sequi cumque qui qui. Qui autem nam aut nesciunt magni. Labore modi quam perferendis velit non vel praesentium quia.', 4, '2021-01-13 05:01:19', '2021-01-13 05:01:19'),
(3, 13, 'Lonie Aufderhar', 'Itaque ex est et quisquam quibusdam magnam laborum. Eum vel ad repellendus. Atque architecto voluptatem eligendi.', 4, '2021-01-13 05:01:19', '2021-01-13 05:01:19'),
(4, 22, 'Prof. Charlene Osinski MD', 'Nesciunt vel odio corporis perspiciatis quia pariatur. Atque enim perspiciatis rerum nobis. Perferendis consequuntur sit non dignissimos est.', 1, '2021-01-13 05:01:19', '2021-01-13 05:01:19'),
(5, 38, 'Heather Kub', 'Aut vel eos soluta molestiae est porro quo. Nulla consequatur est labore iste aut. Deserunt quia culpa ea. Aut iusto voluptatem mollitia ipsam quo alias.', 1, '2021-01-13 05:01:19', '2021-01-13 05:01:19'),
(6, 23, 'Wilson Bradtke', 'Eaque omnis corporis officia aut. Quia laboriosam illo amet quaerat. Sint et dolore et eum rerum voluptate eveniet. Officia optio alias necessitatibus quidem non quas.', 5, '2021-01-13 05:01:19', '2021-01-13 05:01:19'),
(7, 49, 'Prof. Silas Conn II', 'Error eos ipsam fugit et incidunt dignissimos. Reiciendis labore qui quas. Earum quod voluptatibus inventore atque quam.', 3, '2021-01-13 05:01:19', '2021-01-13 05:01:19'),
(8, 32, 'Vicky Bernhard', 'Non reprehenderit qui nihil impedit consequatur. Nisi et eum et quam aut sint.', 0, '2021-01-13 05:01:19', '2021-01-13 05:01:19'),
(9, 40, 'Prof. Shad Gleason DVM', 'Autem consequatur sit aut cupiditate quidem. Maiores ut eius magnam occaecati assumenda. Eos ullam earum consequatur architecto autem. Voluptate voluptas blanditiis facere fugit saepe quia natus.', 1, '2021-01-13 05:01:19', '2021-01-13 05:01:19'),
(10, 48, 'Prof. Hilton Kiehn I', 'Aut porro dolorum officia et. Sit aspernatur ut minima natus voluptate consequatur hic soluta. Quos consequatur facere ut officiis soluta est.', 5, '2021-01-13 05:01:19', '2021-01-13 05:01:19'),
(11, 9, 'Prof. Hal Sipes DVM', 'Vitae explicabo rerum ut ut distinctio aut. Qui beatae mollitia et omnis exercitationem qui. Non quos voluptates et repellendus neque modi ea.', 3, '2021-01-13 05:01:19', '2021-01-13 05:01:19'),
(12, 36, 'Miss Aleen Goyette', 'Earum facilis expedita inventore aut deserunt doloremque. Doloremque incidunt sed maiores qui qui est. Consequatur et architecto consequatur dolores.', 0, '2021-01-13 05:01:19', '2021-01-13 05:01:19'),
(13, 15, 'Dr. Wilford Ferry DVM', 'Ut pariatur aut rerum vel omnis sint dolor aut. Temporibus eligendi culpa porro illum soluta. Esse qui reprehenderit sunt et ratione id qui.', 1, '2021-01-13 05:01:19', '2021-01-13 05:01:19'),
(14, 38, 'Dr. Sabrina Windler PhD', 'Temporibus excepturi quisquam ipsa dicta labore. Suscipit magnam dolor magni cum.', 2, '2021-01-13 05:01:19', '2021-01-13 05:01:19'),
(15, 27, 'Dr. Zula Kuhic DDS', 'Est est minus assumenda. Quibusdam autem nulla sunt beatae. Voluptatem est perferendis repudiandae deleniti. Voluptas et distinctio ut cumque quae quos dolores eaque.', 3, '2021-01-13 05:01:19', '2021-01-13 05:01:19'),
(16, 46, 'Johan Jaskolski', 'Voluptas explicabo libero libero ipsa libero architecto. Nesciunt numquam debitis voluptate debitis autem ipsa. Officiis asperiores quidem nostrum quia itaque quo. Ipsa aut qui et est nam laudantium molestiae molestiae.', 3, '2021-01-13 05:01:19', '2021-01-13 05:01:19'),
(17, 27, 'Bettie Frami IV', 'Est adipisci odio exercitationem numquam quis voluptatem temporibus. Explicabo consequatur suscipit sit saepe quasi nemo. Cumque fugiat occaecati voluptatem architecto. Voluptates repellendus qui sunt inventore eveniet voluptates ratione possimus.', 3, '2021-01-13 05:01:19', '2021-01-13 05:01:19'),
(18, 35, 'Gail Hodkiewicz', 'Tenetur praesentium minus consequuntur veniam et nam laudantium. Et reiciendis delectus nihil illo. Sequi labore necessitatibus delectus non. Tenetur nam accusantium voluptas blanditiis ipsam aut cumque.', 5, '2021-01-13 05:01:19', '2021-01-13 05:01:19'),
(19, 22, 'Hassan Harris', 'Qui qui ea iste repudiandae corrupti. Rerum ut voluptates magnam dignissimos ex consequuntur numquam. Dicta ut natus inventore esse quae at saepe. Autem porro impedit distinctio quia. Quia numquam dolorem corrupti vel molestias.', 1, '2021-01-13 05:01:19', '2021-01-13 05:01:19'),
(20, 37, 'Patsy Fahey', 'Veritatis voluptatem sint enim voluptatem et quia hic. Rerum ducimus voluptatem repellendus voluptate ipsam sit. Id doloremque officia quae et tempora sequi. Placeat molestias ea sit et.', 3, '2021-01-13 05:01:19', '2021-01-13 05:01:19'),
(21, 21, 'Shania Windler', 'Alias eveniet omnis ipsa dolore. Qui non aliquid recusandae voluptas rerum. Praesentium sint dolorem voluptas voluptatibus et porro molestiae non. Et dolores perspiciatis perferendis aperiam non quibusdam doloribus.', 5, '2021-01-13 05:01:19', '2021-01-13 05:01:19'),
(22, 2, 'Prof. Keshawn Towne', 'Aliquid tenetur eaque provident ducimus. Doloribus ut voluptates nam et. Et et quibusdam vitae. Recusandae commodi iste adipisci porro.', 2, '2021-01-13 05:01:19', '2021-01-13 05:01:19'),
(23, 5, 'Micheal Morissette MD', 'Animi voluptates eligendi laboriosam magnam quia ipsam. Adipisci et ut rem quasi. Rerum ullam sed omnis dolores deserunt eum veritatis.', 3, '2021-01-13 05:01:19', '2021-01-13 05:01:19'),
(24, 37, 'Colby Wolf', 'Rerum omnis distinctio et est et. Quas cum rerum illum aut. Dicta voluptas dolores in dolores.', 4, '2021-01-13 05:01:19', '2021-01-13 05:01:19'),
(25, 5, 'Eulah Lindgren MD', 'Quos sint culpa tempora. Non doloremque cupiditate ut adipisci voluptatem. Animi facere vero explicabo. Soluta rerum consequatur molestias numquam facere consequuntur nostrum.', 2, '2021-01-13 05:01:19', '2021-01-13 05:01:19'),
(26, 34, 'Rylee Stracke', 'Pariatur earum reiciendis consequuntur molestiae et. Veniam quidem eaque itaque accusantium quidem. Sint expedita maxime voluptas. Eos est dicta rerum aut itaque quisquam iure.', 3, '2021-01-13 05:01:19', '2021-01-13 05:01:19'),
(27, 19, 'Dejon Dickinson', 'Soluta molestiae error beatae qui. Vero aut vel in magni ipsa. Ex vero officia recusandae neque id ut dolores aspernatur. Eos eos nihil minima eum ipsum amet.', 0, '2021-01-13 05:01:19', '2021-01-13 05:01:19'),
(28, 5, 'Dejon Wehner V', 'Et laudantium necessitatibus neque officiis eveniet modi vero. Reprehenderit beatae id numquam libero ex. Incidunt rem ducimus qui necessitatibus nihil. Necessitatibus repudiandae quam neque.', 2, '2021-01-13 05:01:19', '2021-01-13 05:01:19'),
(29, 2, 'Ladarius Bergnaum', 'Repellat et deleniti fugit. Possimus enim harum nulla reiciendis repellat vel voluptatum. Nemo et et quisquam dolor fugit qui qui.', 4, '2021-01-13 05:01:19', '2021-01-13 05:01:19'),
(30, 8, 'Dr. Rogelio Becker', 'Aut vero ut quaerat sequi provident dolor. Quas doloribus aut odio expedita. Iure quos fuga earum quae suscipit. Similique voluptatem quis autem.', 5, '2021-01-13 05:01:19', '2021-01-13 05:01:19'),
(31, 30, 'Alphonso Funk', 'Rerum consequatur deleniti blanditiis adipisci fugit. Voluptas dolorem laboriosam fugit quas est odio minus. Est ea vero tempora et doloremque. Rem tenetur autem velit sunt voluptatem.', 2, '2021-01-13 05:01:19', '2021-01-13 05:01:19'),
(32, 18, 'Arvel White III', 'Dolor cupiditate quas aut dicta. Tempora in iusto atque et adipisci. Repellendus nobis est voluptas consectetur ut. Non neque alias et autem dolor sapiente.', 0, '2021-01-13 05:01:19', '2021-01-13 05:01:19'),
(33, 13, 'Amiya Jacobi', 'Labore natus aperiam est quas. Velit pariatur sunt ut et assumenda.', 3, '2021-01-13 05:01:19', '2021-01-13 05:01:19'),
(34, 21, 'Geoffrey Gerhold MD', 'Enim adipisci ullam praesentium ut voluptates sit. Minus nisi quae rerum atque. Et laboriosam quis blanditiis. Ut voluptate nam esse minima.', 1, '2021-01-13 05:01:19', '2021-01-13 05:01:19'),
(35, 24, 'Ramona Luettgen Jr.', 'Qui aliquam maiores voluptatem asperiores illum quae perspiciatis quo. Illum non libero odio at. Sequi iusto voluptate qui corrupti at. In et neque enim recusandae deleniti architecto.', 2, '2021-01-13 05:01:19', '2021-01-13 05:01:19'),
(36, 49, 'Lora Miller IV', 'Consequatur doloremque tempore dolorum aspernatur possimus dolorem possimus maxime. Quibusdam sint sed corporis. Ipsum facere cupiditate quaerat ut iste sit similique. Eligendi facere ut repudiandae accusamus.', 2, '2021-01-13 05:01:19', '2021-01-13 05:01:19'),
(37, 12, 'Kaylin Cassin', 'Ratione saepe molestias consequatur saepe. In quia facere sit dolor fuga dignissimos est tempore. Sed nobis dolores nulla consequatur rerum nesciunt laboriosam.', 2, '2021-01-13 05:01:19', '2021-01-13 05:01:19'),
(38, 6, 'Itzel Simonis', 'Aut non quibusdam et deserunt libero non minima. Ipsa labore rem inventore itaque facere nihil et. Dolor quibusdam rem beatae. Aut iste rerum saepe maiores corrupti delectus. Omnis et tenetur non fuga.', 3, '2021-01-13 05:01:19', '2021-01-13 05:01:19'),
(39, 43, 'Allan Kuphal', 'Ipsum et iure sapiente itaque. Minus quidem voluptate quo neque et est vero. Nihil in adipisci soluta maxime qui in et. Tenetur officia dolor qui quia dolore accusamus ipsa.', 1, '2021-01-13 05:01:19', '2021-01-13 05:01:19'),
(40, 2, 'Faustino Hamill Jr.', 'Magni cum fugiat neque. Non maiores nisi ullam qui vel sit. Qui ut debitis nisi ullam molestiae quasi. Commodi omnis eum consequatur corrupti.', 2, '2021-01-13 05:01:19', '2021-01-13 05:01:19'),
(41, 45, 'Erick Graham', 'Aperiam sequi optio consequatur repudiandae. Ut officia cupiditate et et facilis. Non similique eius reiciendis blanditiis.', 5, '2021-01-13 05:01:19', '2021-01-13 05:01:19'),
(42, 37, 'Lance Daugherty', 'Harum in deleniti quo ut animi. Ab iure quasi suscipit aut quia. Provident ea ex est enim consequuntur voluptatem.', 3, '2021-01-13 05:01:19', '2021-01-13 05:01:19'),
(43, 13, 'Dr. Kevin Rolfson', 'Assumenda et veritatis iure expedita voluptate molestiae culpa. Quas blanditiis voluptate tempora. Quisquam explicabo non ipsum ut assumenda. Necessitatibus nobis aut magnam ipsa at a ducimus est. Eaque voluptas quis repudiandae quia consectetur sint atque dolores.', 1, '2021-01-13 05:01:19', '2021-01-13 05:01:19'),
(44, 2, 'Miss Adella Emard IV', 'Ipsam voluptates et sit eum quidem soluta ea. Aliquam odio perferendis cupiditate illum sunt a.', 1, '2021-01-13 05:01:19', '2021-01-13 05:01:19'),
(45, 46, 'Ramon Lebsack', 'Totam mollitia qui eum aperiam tempore sit velit. Reprehenderit ut eius at in minus.', 0, '2021-01-13 05:01:19', '2021-01-13 05:01:19'),
(46, 14, 'Lionel Kulas', 'Provident id consequatur aut doloremque ipsa reprehenderit earum. Excepturi rerum nulla sunt et error quibusdam eos et. Dolorem est quisquam reprehenderit. Ducimus quasi et non et.', 1, '2021-01-13 05:01:19', '2021-01-13 05:01:19'),
(47, 44, 'Herbert Herzog', 'Veritatis molestias ad sit soluta nihil. Est officiis temporibus ex. Minus incidunt id sit cum consectetur et.', 2, '2021-01-13 05:01:19', '2021-01-13 05:01:19'),
(48, 5, 'Madeline Quitzon', 'Et suscipit et ut ipsam. Quisquam possimus amet eveniet deleniti. Ut molestiae natus assumenda quo necessitatibus. Qui rerum velit esse voluptatem culpa quaerat placeat.', 0, '2021-01-13 05:01:19', '2021-01-13 05:01:19'),
(49, 32, 'Lucie Welch I', 'Soluta asperiores aliquid ea quasi aspernatur est. Laborum omnis fuga aut aut accusantium perferendis. Quas omnis excepturi neque eos adipisci.', 5, '2021-01-13 05:01:19', '2021-01-13 05:01:19'),
(50, 25, 'Mr. Eliezer Wolf', 'Sequi et quis corporis in dicta aut laborum ipsum. Nemo accusamus necessitatibus rerum omnis rerum. Quae officiis aut inventore et rerum recusandae. Perferendis corrupti veritatis eius qui modi doloremque.', 1, '2021-01-13 05:01:19', '2021-01-13 05:01:19'),
(51, 7, 'Hipolito Schumm II', 'Qui saepe rerum itaque quia. Minus ullam consequatur aliquam ea ad et harum. Sint eius repudiandae non dignissimos.', 0, '2021-01-13 05:01:19', '2021-01-13 05:01:19'),
(52, 39, 'Dr. Isai Cormier', 'Quisquam perspiciatis consequatur molestiae aperiam. Quia autem sunt architecto culpa. Eveniet ab maiores ut eum in incidunt hic.', 4, '2021-01-13 05:01:19', '2021-01-13 05:01:19'),
(53, 31, 'Weston Parisian', 'Corporis distinctio eaque officia alias. Unde eum minus totam illo maxime nulla blanditiis nihil. Qui eaque harum sit ea et enim. Temporibus earum est enim quasi ipsum consequuntur harum.', 1, '2021-01-13 05:01:19', '2021-01-13 05:01:19'),
(54, 38, 'Alejandrin Rau', 'Itaque esse illo autem dolorem hic accusantium quia omnis. Iusto dolore maiores qui dicta. Natus est est sunt.', 0, '2021-01-13 05:01:19', '2021-01-13 05:01:19'),
(55, 33, 'Dr. Germaine Pacocha DDS', 'Pariatur quae est sit dolore ratione ut eum. Autem accusamus ut modi animi doloremque reiciendis consequatur voluptas. Magni temporibus voluptates dignissimos velit sed.', 4, '2021-01-13 05:01:19', '2021-01-13 05:01:19'),
(56, 24, 'Mr. Arturo Carter II', 'Est vel beatae corporis quidem doloremque labore sunt minus. Suscipit ad ratione nostrum nihil ab impedit. Aut id facere sequi rem. Quas omnis accusamus dolor iste sit dolores accusamus.', 1, '2021-01-13 05:01:19', '2021-01-13 05:01:19'),
(57, 16, 'Sister Kreiger II', 'Enim dignissimos odit quo qui est. Minus id quaerat ea. Hic vel quis necessitatibus error. Dolores ab distinctio omnis sit qui praesentium vel. Vitae et eum illo et et sapiente mollitia.', 2, '2021-01-13 05:01:19', '2021-01-13 05:01:19'),
(58, 34, 'Napoleon Wolff', 'Non ut recusandae nostrum magnam. Dolorum voluptatibus in id pariatur. Est doloribus in ea excepturi enim autem saepe omnis.', 1, '2021-01-13 05:01:19', '2021-01-13 05:01:19'),
(59, 8, 'Prof. Zachariah Greenfelder', 'Consequatur dolorum ipsum et. Debitis qui eligendi voluptatem et laborum nostrum est. Aut est sint fugiat quo quos iste. Assumenda at quibusdam et maxime in facilis.', 2, '2021-01-13 05:01:19', '2021-01-13 05:01:19'),
(60, 17, 'Mr. Stanton Collins', 'Provident aut et odit. Dolore dolor sint facilis praesentium labore qui. Fugiat saepe soluta est ut nobis quo. Earum assumenda impedit ad deserunt sit dolor.', 5, '2021-01-13 05:01:19', '2021-01-13 05:01:19'),
(61, 20, 'Shaylee Howe', 'Culpa est reprehenderit sit dolores quisquam harum molestias natus. Voluptatem ipsam sit veritatis est fugit tempora in. Hic repellendus ipsa ea architecto. Recusandae ullam enim hic velit quod rerum.', 2, '2021-01-13 05:01:19', '2021-01-13 05:01:19'),
(62, 2, 'Willis Yundt', 'Ea aliquam molestias mollitia dicta inventore sapiente nemo. Dolores vitae voluptates nulla id quia aut vel. Debitis sunt veniam molestiae consequuntur commodi libero minima magnam. Minima libero temporibus assumenda molestiae delectus est. Officiis et quos architecto voluptas magnam sed sapiente provident.', 0, '2021-01-13 05:01:19', '2021-01-13 05:01:19'),
(63, 24, 'Miss Shanelle Considine II', 'Nihil vitae at qui facilis iusto autem aut. Sequi explicabo ratione ea ad non qui. Fuga dolores explicabo assumenda et saepe.', 0, '2021-01-13 05:01:19', '2021-01-13 05:01:19'),
(64, 22, 'Tavares Monahan', 'Ut maxime dolorem sunt. Explicabo similique reprehenderit voluptatum accusantium dolorum. Nihil dolorem at quaerat assumenda suscipit qui quae sint. Maxime cum atque beatae sit officiis.', 0, '2021-01-13 05:01:19', '2021-01-13 05:01:19'),
(65, 2, 'Mrs. Hannah Schiller', 'Sunt id rerum adipisci accusamus. Aperiam rerum voluptatibus quia officia at non. Laudantium iusto et ipsa doloremque molestiae.', 1, '2021-01-13 05:01:19', '2021-01-13 05:01:19'),
(66, 18, 'Mrs. Mireya O\'Conner', 'Laborum id est cumque corrupti est autem cumque. Voluptatem rerum nemo impedit perferendis tempore. Nobis fugiat quia laudantium esse quidem necessitatibus eos vel.', 3, '2021-01-13 05:01:19', '2021-01-13 05:01:19'),
(67, 43, 'Marcelo Lang', 'Accusamus accusamus voluptatem fugiat sequi libero aut repellat vel. Optio quis est aut.', 5, '2021-01-13 05:01:19', '2021-01-13 05:01:19'),
(68, 14, 'Cecelia Kilback', 'Non totam laboriosam error adipisci. Voluptas assumenda et consequatur et asperiores. Exercitationem temporibus qui eius voluptatem vero est molestiae. Adipisci sit quod eveniet blanditiis placeat.', 1, '2021-01-13 05:01:19', '2021-01-13 05:01:19'),
(69, 42, 'Osborne Dickens', 'Nihil quod ratione est incidunt dolor ut non sunt. Aperiam accusantium quo nihil. Eum sed minus accusantium nulla exercitationem accusamus.', 4, '2021-01-13 05:01:19', '2021-01-13 05:01:19'),
(70, 8, 'Miss Adell Rath', 'Aut eos ipsa sed culpa. Nihil libero vero consequatur nesciunt. Quibusdam numquam sit qui repellat enim. Nesciunt sit ea est dolorem id exercitationem temporibus. Nihil eum consectetur rerum laudantium.', 2, '2021-01-13 05:01:19', '2021-01-13 05:01:19'),
(71, 39, 'Dayana Grady', 'Quam quod iusto molestias voluptate et. Et numquam corrupti eligendi. Laborum accusantium sunt perferendis.', 4, '2021-01-13 05:01:19', '2021-01-13 05:01:19'),
(72, 42, 'Evangeline Hessel', 'Aperiam praesentium tempore quas est. Similique laboriosam perspiciatis ab dolores error ut. Dolor reiciendis voluptas sed voluptatem provident doloremque hic. Molestiae eos qui dolor molestiae.', 0, '2021-01-13 05:01:19', '2021-01-13 05:01:19'),
(73, 4, 'Valerie Kshlerin', 'Maiores recusandae dolores consequatur similique et sed est quia. Minus voluptate tempore dignissimos sit provident. Voluptas blanditiis nihil sit quis dolor magni. Laborum eius maxime explicabo voluptas est nisi. Explicabo et molestias est ex.', 2, '2021-01-13 05:01:19', '2021-01-13 05:01:19'),
(74, 25, 'Mr. Edd O\'Hara IV', 'Autem quidem sapiente sed a consectetur. Aut sunt dignissimos consequatur porro rem omnis sint. Eum corporis ab nam omnis.', 1, '2021-01-13 05:01:19', '2021-01-13 05:01:19'),
(75, 13, 'Tiffany Wisoky', 'Rerum asperiores qui minima rerum. Voluptas quaerat itaque rerum cumque. Est non neque autem voluptatem. In et error libero earum harum. Praesentium enim sunt dolorem adipisci.', 5, '2021-01-13 05:01:19', '2021-01-13 05:01:19'),
(76, 2, 'Gerda Conn', 'Velit et ut minus quia. Sint iure in non id inventore quasi et. Eos alias odit id dolore dignissimos expedita pariatur.', 4, '2021-01-13 05:01:19', '2021-01-13 05:01:19'),
(77, 49, 'Annamae West Sr.', 'Nam voluptas enim et quia. Nisi commodi dolorum modi. Et dolorum qui ut asperiores.', 3, '2021-01-13 05:01:19', '2021-01-13 05:01:19'),
(78, 20, 'Mrs. Kyla Sauer IV', 'Omnis in accusamus qui repellat explicabo consequuntur. Earum explicabo voluptates sunt. Quisquam minus non non sit sed culpa et. Enim minus eaque optio quae voluptatibus eos est. Et sapiente quod omnis nulla.', 0, '2021-01-13 05:01:19', '2021-01-13 05:01:19'),
(79, 45, 'Stanton Crona', 'Quia qui minus nesciunt eligendi atque. Alias rerum voluptas illum est et. In et iusto voluptatem doloremque.', 2, '2021-01-13 05:01:19', '2021-01-13 05:01:19'),
(80, 24, 'Katelynn Lockman', 'Iste et quo dolores. Est non eos et autem. Autem distinctio quia rerum culpa est sequi nostrum.', 1, '2021-01-13 05:01:19', '2021-01-13 05:01:19'),
(81, 41, 'Golden Bauch', 'Qui maiores fugiat deserunt sit nesciunt corporis. Aut et quo et in itaque sit. Doloremque nemo voluptas dolor et. Eaque in doloremque ipsa velit eius occaecati sunt iure. Eos occaecati voluptatem impedit.', 2, '2021-01-13 05:01:19', '2021-01-13 05:01:19'),
(82, 38, 'Prof. Leola Hodkiewicz', 'Est ullam aut omnis maxime. Quis voluptates aliquam qui est consequuntur iusto. Aperiam et occaecati nihil non voluptatem enim.', 5, '2021-01-13 05:01:19', '2021-01-13 05:01:19'),
(83, 16, 'Miss Caroline Hilpert DDS', 'Voluptatem deleniti hic mollitia cumque labore eveniet voluptatem. Dolorem ut id odit voluptate eum qui. Quia mollitia alias sed blanditiis accusantium eum. Earum perferendis veniam quidem veritatis aut in.', 0, '2021-01-13 05:01:19', '2021-01-13 05:01:19'),
(84, 23, 'Dr. Quinton Konopelski', 'Totam dolores corporis aliquid nisi omnis accusamus expedita deleniti. Qui quam velit enim tempore nulla omnis et. Et beatae ea minima optio ex. Totam magnam aut ipsa cupiditate.', 1, '2021-01-13 05:01:19', '2021-01-13 05:01:19'),
(85, 28, 'Lee Zieme', 'Cumque et et quos error qui. Non iste consequatur non aperiam earum. Beatae reprehenderit et ut deleniti.', 1, '2021-01-13 05:01:19', '2021-01-13 05:01:19'),
(86, 19, 'Dr. Carlo Gerhold V', 'Debitis earum repellat provident et. Neque eveniet quisquam sed autem voluptates unde repudiandae. Pariatur rerum sit aut ipsa.', 3, '2021-01-13 05:01:19', '2021-01-13 05:01:19'),
(87, 36, 'Maeve Schmidt', 'Iste fuga pariatur modi. Quasi eaque placeat consequatur dolorem voluptate fugit.', 1, '2021-01-13 05:01:19', '2021-01-13 05:01:19'),
(88, 37, 'Aletha Eichmann', 'Eius ipsum quod nisi eius quia qui sunt. Quibusdam et vero ut adipisci aspernatur. Ratione a impedit aut et dolorem sed.', 2, '2021-01-13 05:01:19', '2021-01-13 05:01:19'),
(89, 3, 'Loraine Huels', 'Recusandae a dolore officiis assumenda cumque error. Ipsam unde nobis et ad vel modi id sit. Ea et sed et quod veritatis.', 3, '2021-01-13 05:01:19', '2021-01-13 05:01:19'),
(90, 5, 'Dr. Shanie Dibbert', 'Repellat recusandae quasi ut commodi rerum quia inventore. Accusantium quos alias facere aperiam. In et dolor non similique delectus perspiciatis nemo. Voluptate eos suscipit facere velit sapiente doloremque adipisci et.', 3, '2021-01-13 05:01:19', '2021-01-13 05:01:19'),
(91, 2, 'Hershel Daugherty', 'Voluptatem exercitationem aut et quibusdam tempora quia. Qui hic velit molestias voluptatibus et alias a. Temporibus quibusdam architecto aut impedit veritatis. Tenetur suscipit laboriosam laborum similique odit. Fugit libero nihil voluptates fugiat tempora consequatur.', 2, '2021-01-13 05:01:19', '2021-01-13 05:01:19'),
(92, 18, 'Prof. Retta West V', 'Quod est vel a non adipisci assumenda quo. Fugiat illo quis atque quam. Facere illo quasi aut deserunt vero ab. Veritatis dolores omnis omnis.', 4, '2021-01-13 05:01:19', '2021-01-13 05:01:19'),
(93, 34, 'Brandyn Emmerich', 'Voluptatem molestiae unde numquam labore. Impedit mollitia eum mollitia non. Expedita sed cumque sint harum aut. Cupiditate qui ut sit doloremque ad repellat.', 2, '2021-01-13 05:01:19', '2021-01-13 05:01:19'),
(94, 46, 'Matt Parker DVM', 'Ipsam magnam dolor aliquid omnis. Autem ipsa id delectus placeat ab ad maiores illo. Fugit doloribus harum molestias modi numquam. Illo sunt sunt ut dolore temporibus quos illum.', 4, '2021-01-13 05:01:19', '2021-01-13 05:01:19'),
(95, 22, 'Ms. Earlene Nicolas III', 'Ut sunt est doloremque sit voluptatibus omnis quasi est. Vitae id similique deleniti consequatur. Et ea dolores est sequi maxime suscipit.', 2, '2021-01-13 05:01:19', '2021-01-13 05:01:19'),
(96, 14, 'Alexander Smith DDS', 'Voluptas officiis qui ipsa minima nulla consequatur soluta. Consequuntur totam eos cupiditate qui placeat consequatur saepe. Est ab dolore sit laborum qui beatae rerum. Sit quaerat culpa hic neque.', 2, '2021-01-13 05:01:19', '2021-01-13 05:01:19'),
(97, 13, 'Grace Franecki', 'Et autem tenetur vel facere quod. Repudiandae et est assumenda aut unde. Debitis officiis dolorem voluptatem aut harum vitae facilis doloremque. Vel id vel est quo et ea.', 1, '2021-01-13 05:01:19', '2021-01-13 05:01:19'),
(98, 35, 'Ms. Willa Schimmel MD', 'Cumque ea blanditiis dignissimos vitae. Ad sapiente maxime eaque est. Iusto est assumenda est maxime exercitationem.', 2, '2021-01-13 05:01:19', '2021-01-13 05:01:19'),
(99, 46, 'Alejandra Quitzon DVM', 'Ducimus omnis in aut expedita debitis. Ut autem necessitatibus possimus exercitationem. Similique deserunt adipisci necessitatibus tenetur excepturi veniam saepe dolorem. Aliquid totam sit ut architecto aut est necessitatibus.', 3, '2021-01-13 05:01:19', '2021-01-13 05:01:19'),
(100, 33, 'Cassie Lubowitz', 'Exercitationem possimus nam aut nisi saepe ex voluptates. Vero voluptates facere voluptas inventore atque ut in. Voluptatibus cupiditate ab voluptatem voluptas et voluptas. Illo vitae ea delectus ut quibusdam voluptatem.', 2, '2021-01-13 05:01:19', '2021-01-13 05:01:19'),
(101, 45, 'Kameron Batz', 'Voluptates ad voluptates harum corrupti. Sequi iusto non molestiae a saepe. Sapiente sunt voluptatem omnis rerum sit doloremque nihil blanditiis. Quae fugiat veniam nam non quas in quo.', 1, '2021-01-13 05:01:19', '2021-01-13 05:01:19'),
(102, 46, 'Quinten Wolf', 'Iste nam vero ab quasi vero est quo laudantium. Et excepturi ut et ut. Ut et eaque suscipit eius cumque quam natus assumenda.', 5, '2021-01-13 05:01:19', '2021-01-13 05:01:19'),
(103, 10, 'Watson Leuschke', 'Officiis expedita ut et. Reiciendis doloremque ratione animi id repudiandae. Est mollitia deleniti reprehenderit et odio. Et et porro et quas.', 4, '2021-01-13 05:01:19', '2021-01-13 05:01:19'),
(104, 43, 'Napoleon Miller II', 'Ea eos earum est nesciunt. Culpa similique odit suscipit. Cumque pariatur quaerat voluptas. Officia consequatur corrupti consectetur est ut voluptas sed qui.', 0, '2021-01-13 05:01:19', '2021-01-13 05:01:19'),
(105, 38, 'Cortez Powlowski', 'Sit beatae consequatur adipisci dicta. Hic deleniti doloremque repudiandae aut adipisci rerum quia. Atque sed beatae fugiat modi et. Aut incidunt voluptas voluptates magnam eveniet.', 3, '2021-01-13 05:01:19', '2021-01-13 05:01:19'),
(106, 27, 'Mrs. Robyn Stroman', 'Sed eaque provident quas quisquam laboriosam aspernatur adipisci. Eos ex voluptatem quasi inventore ratione quia. Omnis aut incidunt voluptates blanditiis porro cumque.', 4, '2021-01-13 05:01:19', '2021-01-13 05:01:19'),
(107, 25, 'Tevin Moore', 'Quas veritatis provident et maiores officia. Quaerat consectetur est error perspiciatis. Numquam aut quo id vero in provident voluptatem sapiente. Commodi hic quos ea nobis. Officia ducimus laboriosam quia rerum velit.', 5, '2021-01-13 05:01:19', '2021-01-13 05:01:19'),
(108, 15, 'Eileen Gorczany', 'Ut voluptatum occaecati ullam ea eligendi ullam. Ut dolorum consequatur rerum est nulla sequi quo illum. Dignissimos repudiandae eum autem nam.', 3, '2021-01-13 05:01:19', '2021-01-13 05:01:19'),
(109, 12, 'Dr. Lenna Fisher PhD', 'Dicta modi quaerat ullam dolores. Tempora sit corrupti voluptatem modi vero asperiores optio. Dolorem voluptas vitae voluptas qui similique pariatur iusto.', 1, '2021-01-13 05:01:19', '2021-01-13 05:01:19'),
(110, 28, 'Dr. Alison Willms Sr.', 'Aut mollitia ea dolorem laudantium et esse. Aut quo ducimus inventore saepe. Rem laboriosam dolore inventore sed ex quo quam. Soluta eius dolor culpa laborum id laborum.', 1, '2021-01-13 05:01:19', '2021-01-13 05:01:19'),
(111, 15, 'Louisa Abshire', 'Ut ab possimus magnam eligendi. Perspiciatis ullam cum eos. Vel ducimus ut quisquam aspernatur quia blanditiis. Quo est eligendi nam nobis est.', 1, '2021-01-13 05:01:19', '2021-01-13 05:01:19'),
(112, 40, 'Janis Johnson PhD', 'Incidunt ut et doloribus tenetur et et. Rerum occaecati optio voluptatem non. Iusto quis qui exercitationem quisquam id. Voluptatem fugiat perspiciatis tempora nostrum.', 5, '2021-01-13 05:01:19', '2021-01-13 05:01:19'),
(113, 29, 'Macey Adams', 'In perferendis minima sint eos dolorum qui. Eum veritatis explicabo qui voluptas et laborum fuga. Voluptatem consectetur deleniti sint deserunt excepturi.', 5, '2021-01-13 05:01:19', '2021-01-13 05:01:19'),
(114, 1, 'Ahmad Reynolds', 'Cumque vel et dolores. Consequatur tempora nemo omnis molestias illum expedita aperiam. Blanditiis ut vitae est dolor consequatur ut et. Et nesciunt at repudiandae ipsa.', 3, '2021-01-13 05:01:19', '2021-01-13 05:01:19'),
(115, 6, 'Gerard Nicolas', 'Non et dolor blanditiis molestiae recusandae laborum. Commodi ea debitis et culpa consequatur pariatur dignissimos ducimus. Vel hic dolores perspiciatis fugit. Nihil in sed reiciendis doloribus laborum omnis. Corrupti fugiat nam aperiam fugit tempora nihil.', 0, '2021-01-13 05:01:19', '2021-01-13 05:01:19'),
(116, 19, 'Dr. Lon Schuppe Jr.', 'Aperiam non ut et nesciunt neque. Voluptatibus quia qui corporis error deserunt voluptatem provident. Voluptatem omnis suscipit quas voluptatem aut sunt. Quae sunt porro enim voluptas totam.', 5, '2021-01-13 05:01:19', '2021-01-13 05:01:19'),
(117, 34, 'Antonina Franecki', 'Facere illum magni veritatis impedit. Dignissimos molestiae ea praesentium dolore nihil quasi.', 5, '2021-01-13 05:01:19', '2021-01-13 05:01:19'),
(118, 44, 'Unique Waters', 'Iste et voluptatem earum voluptatibus vero dolore recusandae. Cupiditate omnis autem repellat fugit qui. Et sapiente quibusdam sed illo. Provident fugiat qui assumenda eaque voluptates doloribus.', 4, '2021-01-13 05:01:19', '2021-01-13 05:01:19'),
(119, 6, 'Jett Medhurst', 'A iste a id in voluptas quis et. Delectus modi qui optio voluptatem. Corrupti voluptatem qui doloremque. Earum repellat illo aut delectus iste ut dolores.', 4, '2021-01-13 05:01:19', '2021-01-13 05:01:19'),
(120, 46, 'Dr. Adell Gusikowski', 'Eum omnis dolorem voluptates quasi dolorem. Magni rem eos ipsa eaque. Dolorem non omnis voluptatem iusto id ullam.', 5, '2021-01-13 05:01:19', '2021-01-13 05:01:19'),
(121, 1, 'Letitia Veum', 'Sapiente assumenda sit ea voluptas maxime ducimus. Ipsa perferendis ut eos consequatur qui minima est. Sed aut debitis vero. Nemo iste sunt placeat id delectus. Totam cupiditate sed repudiandae dolores nobis omnis.', 5, '2021-01-13 05:01:19', '2021-01-13 05:01:19'),
(122, 14, 'Sanford Balistreri', 'Soluta modi quia similique sint recusandae. Eaque cum aperiam assumenda quas non molestiae. Facere harum quis dignissimos aperiam sapiente. Unde quod accusantium qui iure.', 4, '2021-01-13 05:01:19', '2021-01-13 05:01:19'),
(123, 20, 'Carolanne Wolf II', 'Corporis molestias numquam voluptatibus autem alias. Earum aliquid natus aliquid enim. Omnis omnis voluptatem eaque similique commodi natus aut. Veniam qui porro est sunt repellendus voluptas.', 2, '2021-01-13 05:01:19', '2021-01-13 05:01:19'),
(124, 22, 'Mr. Juston Russel', 'At sit ratione eaque dolores sit. Incidunt libero sed ut repellendus explicabo. Voluptas tenetur qui repellendus nostrum aut et voluptatibus.', 2, '2021-01-13 05:01:19', '2021-01-13 05:01:19'),
(125, 33, 'Kristopher Bosco', 'Magni quos et praesentium et ea. Sint id fugiat beatae vel qui ducimus et. Quibusdam ad molestiae voluptas voluptatem esse.', 3, '2021-01-13 05:01:19', '2021-01-13 05:01:19'),
(126, 28, 'Syble Pacocha', 'Non non ab neque nemo sit quis quae. Enim eligendi aut dolore debitis. Molestias eum dolor qui ipsam aut vero culpa.', 2, '2021-01-13 05:01:19', '2021-01-13 05:01:19'),
(127, 1, 'Antonio Wilderman', 'Nesciunt quisquam aut voluptas sapiente. Quae architecto totam quis eos quibusdam quasi explicabo praesentium. Soluta repellendus nam excepturi perspiciatis.', 1, '2021-01-13 05:01:19', '2021-01-13 05:01:19'),
(128, 31, 'Dr. Jane Aufderhar', 'Aspernatur minima id non aliquid. Ea doloremque non nemo qui suscipit veniam rerum. Cupiditate exercitationem distinctio eos dolor placeat qui fugiat.', 0, '2021-01-13 05:01:19', '2021-01-13 05:01:19'),
(129, 16, 'Elinore Grady I', 'Natus impedit molestias deserunt ex autem. Esse cum tempore eos repellendus quis. Est quibusdam illo non placeat facere repellendus.', 5, '2021-01-13 05:01:19', '2021-01-13 05:01:19'),
(130, 32, 'Dino Lueilwitz', 'Quia vero voluptatem quia culpa sit molestiae. Sunt fugit esse perferendis. Quidem aut ea fuga laborum voluptatem unde qui aut.', 3, '2021-01-13 05:01:19', '2021-01-13 05:01:19'),
(131, 48, 'Marshall Shields', 'Optio ea magnam magnam labore nulla quos enim. Et voluptatem explicabo placeat sequi molestias dolore ea amet. Quas vero debitis nihil doloremque occaecati optio.', 4, '2021-01-13 05:01:19', '2021-01-13 05:01:19'),
(132, 42, 'Mr. Rudy DuBuque', 'Voluptas quia sequi dicta cum. Omnis est quaerat sequi veritatis. Voluptatem et non impedit autem atque vel. Sed quia at quis eum voluptates quo maiores.', 2, '2021-01-13 05:01:19', '2021-01-13 05:01:19'),
(133, 17, 'Prof. Thora Strosin', 'Qui nam dolores et et sunt eum. Alias quaerat necessitatibus quae voluptatibus fugiat odit. Voluptas dolor ut ducimus. Voluptates ut et sed a tenetur ipsa aliquam.', 5, '2021-01-13 05:01:19', '2021-01-13 05:01:19'),
(134, 7, 'Rachelle Bernhard', 'Recusandae magnam porro rem. Rerum molestiae error dicta molestiae ipsa optio. Id omnis error facere sint.', 2, '2021-01-13 05:01:19', '2021-01-13 05:01:19'),
(135, 42, 'Cary Goldner III', 'Rerum officia voluptatem est sed ullam voluptatum voluptatem. Veritatis consequatur eligendi maiores iusto. Harum asperiores nisi maiores.', 3, '2021-01-13 05:01:19', '2021-01-13 05:01:19'),
(136, 19, 'Ms. Aliyah Hill DDS', 'Sunt aut ipsam voluptas. Qui atque quia rerum harum. Molestiae asperiores eius consequuntur quis. Pariatur dignissimos aspernatur molestias repellendus est mollitia quibusdam voluptatem.', 1, '2021-01-13 05:01:19', '2021-01-13 05:01:19'),
(137, 36, 'Dr. Freda Fay', 'Quis autem ut quidem laborum reprehenderit quidem dolorem. Qui velit et rerum recusandae. Ut illo nostrum est rerum placeat. Quos in et ut non fuga perferendis.', 1, '2021-01-13 05:01:19', '2021-01-13 05:01:19'),
(138, 27, 'Kaela Terry', 'Ex rem soluta dignissimos voluptas. Iusto pariatur voluptatem perspiciatis possimus dolores a repellendus. Voluptas autem officia sit voluptas quod et.', 3, '2021-01-13 05:01:19', '2021-01-13 05:01:19'),
(139, 43, 'Mr. Cruz Collier', 'Quia facere voluptas veritatis omnis. Libero vel aut odio ducimus perspiciatis aut. Blanditiis repudiandae placeat explicabo consequatur voluptatem. Perspiciatis molestiae omnis reiciendis dolores omnis alias adipisci.', 5, '2021-01-13 05:01:19', '2021-01-13 05:01:19'),
(140, 15, 'Quinten Cormier Sr.', 'Tenetur repellat facilis esse est blanditiis. Culpa nostrum pariatur sint cumque aliquid. Ut nam necessitatibus quod dolore eaque est. Eius rerum voluptatem eveniet perferendis voluptatem quas sed vitae.', 0, '2021-01-13 05:01:19', '2021-01-13 05:01:19'),
(141, 20, 'Dr. Leanna Anderson', 'Aut alias porro qui maiores veritatis sit. Vel eum qui dolores odio mollitia aliquid. Aliquid mollitia sequi aspernatur error voluptas illum recusandae quae. Facere quis nesciunt animi totam et eum.', 4, '2021-01-13 05:01:19', '2021-01-13 05:01:19'),
(142, 21, 'Dr. Jerry Barrows', 'Alias occaecati atque aut saepe error praesentium qui. Fugiat iste maxime consequatur nihil.', 1, '2021-01-13 05:01:19', '2021-01-13 05:01:19'),
(143, 47, 'Willis Lubowitz', 'Amet officia accusantium voluptates nulla voluptate at expedita. Sit aut sint ipsam assumenda doloribus. Quisquam eum laboriosam omnis dolorem. Est perspiciatis eius eos ipsa perspiciatis odio.', 4, '2021-01-13 05:01:19', '2021-01-13 05:01:19'),
(144, 24, 'Dulce Gutkowski', 'Dolorem distinctio et unde. Aliquam necessitatibus et quas rem culpa. Dolorem consequuntur natus rerum enim iste.', 5, '2021-01-13 05:01:19', '2021-01-13 05:01:19'),
(145, 18, 'Dr. Ramiro West Jr.', 'Est et modi non sit. Quo velit eum aperiam esse molestiae. Earum sunt qui eos perspiciatis dolor veniam. Et sint placeat repellat dolor porro accusamus. Repudiandae laudantium consequatur dicta qui tenetur.', 2, '2021-01-13 05:01:19', '2021-01-13 05:01:19'),
(146, 7, 'Ms. Erna Hirthe', 'Aut voluptas doloremque rerum adipisci. Voluptas quaerat debitis nam nostrum.', 3, '2021-01-13 05:01:19', '2021-01-13 05:01:19'),
(147, 19, 'Tomasa Deckow', 'Dolorem dolor voluptatem natus dolor culpa ut. Atque earum velit et rerum repudiandae. Nobis quaerat sapiente et et sed.', 4, '2021-01-13 05:01:19', '2021-01-13 05:01:19'),
(148, 9, 'Dr. Duncan Hilpert', 'Quibusdam et id debitis reiciendis. Voluptate ipsam omnis facilis quisquam ut occaecati. Totam vitae tenetur magnam accusantium consectetur odit iusto.', 1, '2021-01-13 05:01:19', '2021-01-13 05:01:19'),
(149, 38, 'Lily Hagenes', 'Quaerat repellat ad deleniti quidem unde nihil aut. Adipisci praesentium aut quia commodi. Voluptas dolor nulla recusandae qui. Minima consectetur consequatur qui.', 2, '2021-01-13 05:01:19', '2021-01-13 05:01:19'),
(150, 12, 'Hermann Dach', 'Et et reprehenderit incidunt et quasi repudiandae. Et odit aliquam eum debitis. Aut magnam minima cupiditate magni reiciendis. Officia officia sed dolore quo.', 1, '2021-01-13 05:01:19', '2021-01-13 05:01:19'),
(151, 44, 'Justen Kirlin', 'Ipsa consequatur ea minima soluta labore illum est consequatur. Vel minima aliquam error mollitia. Omnis consectetur qui nostrum voluptate. Odit atque quia aut eos.', 1, '2021-01-13 05:01:19', '2021-01-13 05:01:19'),
(152, 40, 'Mrs. Claire Schulist I', 'Fuga aut quia quidem culpa magni at. Cupiditate laudantium libero iure reiciendis voluptas. Doloribus sunt dolorem voluptas doloribus provident.', 1, '2021-01-13 05:01:19', '2021-01-13 05:01:19'),
(153, 25, 'Leland Senger', 'Ducimus fugit et sed debitis ipsa dolorem. Est necessitatibus vero assumenda tempore. Unde impedit quis aperiam mollitia. Dolores velit tempora id. Harum necessitatibus officia est.', 0, '2021-01-13 05:01:19', '2021-01-13 05:01:19'),
(154, 38, 'Dr. Keyshawn Quigley', 'Fuga inventore et placeat ex in nostrum. Perferendis quam ad reiciendis nihil. Qui atque sit deleniti tenetur voluptas eius.', 2, '2021-01-13 05:01:19', '2021-01-13 05:01:19'),
(155, 10, 'Dr. Sid Walker MD', 'Et quasi quo sint quos placeat repellat nesciunt. Corrupti non error labore commodi exercitationem dolore recusandae. Est autem facere qui veritatis. Quas ea aperiam atque aperiam. Possimus enim perspiciatis ut quaerat eveniet recusandae provident.', 2, '2021-01-13 05:01:19', '2021-01-13 05:01:19'),
(156, 50, 'Mr. Saul Strosin IV', 'Laudantium fuga et voluptatibus. Non labore maiores ut. Dignissimos aut qui velit dolores et est. Vel molestiae ut repudiandae enim impedit. Consequuntur ea dicta earum voluptate incidunt nihil.', 5, '2021-01-13 05:01:19', '2021-01-13 05:01:19'),
(157, 34, 'Mr. Godfrey Bartell', 'Labore in quod harum rerum distinctio. Et dicta voluptatem beatae. Quia velit dolorem non voluptatem omnis sint voluptas. Qui quaerat sint saepe.', 5, '2021-01-13 05:01:19', '2021-01-13 05:01:19'),
(158, 41, 'Mr. Scottie Heathcote', 'Rem maiores quasi et necessitatibus eum. Doloremque omnis ea tempora dolores sed ducimus. Explicabo tenetur non velit voluptatem totam blanditiis. Impedit eveniet est hic provident.', 4, '2021-01-13 05:01:19', '2021-01-13 05:01:19'),
(159, 33, 'Katrina Quigley III', 'Debitis ut autem aperiam ea est et. Aperiam suscipit sunt eos sunt dolorem aut iure. Sunt nihil illo ipsam. Et cupiditate voluptatum porro.', 3, '2021-01-13 05:01:19', '2021-01-13 05:01:19'),
(160, 28, 'Leanna Upton', 'Molestiae qui eius quod laborum et ut. Itaque eius dolores quidem est. Magni consequatur nobis quibusdam quae dolorem. Vel ut consequatur aut.', 5, '2021-01-13 05:01:19', '2021-01-13 05:01:19'),
(161, 22, 'Shannon Hayes', 'Omnis qui occaecati iusto est. Sit sunt ut commodi voluptas sint et officiis. Ut fugit velit est aut beatae sed.', 4, '2021-01-13 05:01:19', '2021-01-13 05:01:19'),
(162, 2, 'Kayla Kirlin', 'Quam voluptatem sed enim quia ullam voluptas voluptatem. Est tenetur nobis voluptates et minus. Saepe dolores beatae repellendus vel.', 0, '2021-01-13 05:01:19', '2021-01-13 05:01:19'),
(163, 40, 'Hudson Hoeger', 'Vitae necessitatibus nulla qui maiores fugit. Eos et suscipit doloremque ut voluptatum. Harum commodi aut nisi dolorum rerum eos consequatur nemo.', 4, '2021-01-13 05:01:19', '2021-01-13 05:01:19'),
(164, 32, 'Dr. Roger Larson MD', 'Est est consequatur iure voluptas. Officiis est autem et dolorem. Velit eos quis saepe reprehenderit nemo.', 1, '2021-01-13 05:01:19', '2021-01-13 05:01:19'),
(165, 33, 'Brionna Abernathy III', 'Alias libero non voluptatem illo velit ad qui. Pariatur aut ut voluptatem ab harum fugit autem sit. Ut ipsum earum saepe voluptatibus. Dolorum quaerat corporis quidem magnam soluta ut voluptatibus.', 2, '2021-01-13 05:01:19', '2021-01-13 05:01:19'),
(166, 8, 'Daphne Tillman', 'Saepe odit id quis. Nostrum vel sint quia. Occaecati rerum perspiciatis aut distinctio sed quisquam. Laudantium quia quod voluptas voluptatem et facilis.', 2, '2021-01-13 05:01:19', '2021-01-13 05:01:19'),
(167, 37, 'Prof. Bart Schuster', 'Magni repudiandae eum facere temporibus quis sed. Et numquam placeat adipisci ut placeat fugiat. Architecto adipisci nihil repudiandae aut saepe tenetur. Consequatur assumenda placeat est maiores.', 5, '2021-01-13 05:01:19', '2021-01-13 05:01:19'),
(168, 11, 'Jeremy Wisoky', 'Eaque et accusamus cumque ex ut ea facere. Occaecati molestiae ex ut est qui. Sit id eos non itaque nostrum minus. Ut quia nesciunt officiis explicabo. Quis placeat quis officiis.', 5, '2021-01-13 05:01:19', '2021-01-13 05:01:19'),
(169, 34, 'Mike Parisian Sr.', 'Doloremque debitis sint aut eum est omnis eveniet est. Tenetur velit corporis quo doloremque recusandae quia quis.', 5, '2021-01-13 05:01:19', '2021-01-13 05:01:19'),
(170, 24, 'Mr. D\'angelo Terry', 'Eius modi reiciendis consequatur neque maxime aliquid architecto. Nam distinctio non esse tempore laboriosam minus. Delectus harum error quisquam et. Ut voluptatem explicabo nihil explicabo.', 4, '2021-01-13 05:01:19', '2021-01-13 05:01:19'),
(171, 20, 'Darrion Gerlach', 'Aut ipsa quia aut non adipisci aliquid. Quia eum debitis dicta sapiente est illo id laboriosam. Tempora quae eaque minima doloremque.', 4, '2021-01-13 05:01:19', '2021-01-13 05:01:19'),
(172, 14, 'Darrin Fritsch', 'Quia odit a dolores commodi voluptate libero. Et nobis tempore est aut aspernatur. Adipisci illo aut voluptates rem fugit. Ut error sunt officia non in.', 5, '2021-01-13 05:01:19', '2021-01-13 05:01:19'),
(173, 41, 'Dr. Alexandrea Hermann DVM', 'Voluptatum sapiente officia culpa facere enim molestias quis qui. Vel ipsam maxime qui.', 2, '2021-01-13 05:01:19', '2021-01-13 05:01:19'),
(174, 1, 'Ottis Dietrich', 'Nam vel excepturi quo cum ut. Amet dolore et sit reiciendis tenetur sint accusamus ex. Nemo delectus eos commodi dicta. Aut facilis sint dignissimos optio vitae est ipsum.', 5, '2021-01-13 05:01:19', '2021-01-13 05:01:19'),
(175, 26, 'Jordy Cummings', 'Commodi nesciunt tempora molestiae ut est. Sunt dolor ut maiores est ad quis aperiam. Rem cupiditate perspiciatis nemo nesciunt ut repudiandae nemo placeat.', 4, '2021-01-13 05:01:19', '2021-01-13 05:01:19'),
(176, 13, 'Miss Amely Klocko', 'Aut exercitationem et dolor facilis hic minus. Assumenda culpa laborum ipsa provident quia quia.', 5, '2021-01-13 05:01:19', '2021-01-13 05:01:19'),
(177, 4, 'Prof. Marta Mitchell', 'Dicta molestiae eligendi odio rerum facilis qui. Omnis nisi ratione id consectetur praesentium iure. Possimus aliquam sint magni doloribus illum explicabo. Debitis natus amet voluptas optio. Animi delectus natus voluptatem consequatur harum.', 5, '2021-01-13 05:01:19', '2021-01-13 05:01:19'),
(178, 25, 'Mitchel Lockman', 'Nulla molestias et enim blanditiis dolorum quasi. Ducimus iusto voluptas magnam et. Rerum aut amet at earum quaerat.', 0, '2021-01-13 05:01:19', '2021-01-13 05:01:19'),
(179, 4, 'Dr. Patience Skiles', 'Deserunt temporibus nobis quam doloribus. Impedit velit suscipit alias at a. Nobis possimus dolor non minima nihil id. Quisquam repellat aliquam incidunt qui.', 2, '2021-01-13 05:01:19', '2021-01-13 05:01:19'),
(180, 3, 'Dr. Katharina Wiza I', 'Culpa iste veniam alias quisquam. Et est quos dolore accusantium quis temporibus dolor et. Ipsa est saepe et et. Doloremque culpa eum assumenda quam voluptatem.', 4, '2021-01-13 05:01:19', '2021-01-13 05:01:19'),
(181, 30, 'Prof. Carlo Hermann V', 'Et dicta qui ipsa ipsa est assumenda aut. Atque nam nihil voluptatem sapiente. Vitae ab sequi sequi nemo voluptas in. Est distinctio saepe voluptatem aut.', 3, '2021-01-13 05:01:19', '2021-01-13 05:01:19'),
(182, 16, 'Dwight Gutkowski', 'Ipsam voluptatem dicta voluptatum aut. Harum enim nihil consectetur aspernatur cum quia dolores. Non corporis ut quam architecto iusto.', 5, '2021-01-13 05:01:19', '2021-01-13 05:01:19'),
(183, 42, 'Mertie Mraz', 'Porro rem pariatur quisquam in vel velit. Id ipsum dolor voluptatem quas debitis magni dolor. Quia modi veritatis dignissimos voluptatem qui exercitationem. Et facere est officiis saepe.', 2, '2021-01-13 05:01:19', '2021-01-13 05:01:19'),
(184, 50, 'Savion Jast', 'Rerum aliquid sit omnis dolore. Est voluptatem est aliquam vel et perferendis. Ut nobis qui rerum.', 5, '2021-01-13 05:01:19', '2021-01-13 05:01:19'),
(185, 31, 'Dr. Ellie Roberts', 'A reiciendis ut vitae ipsum error harum sint. Repudiandae ut et dolore doloribus et perferendis ad consequuntur. Illo autem est temporibus doloremque. Odit at minima incidunt dicta vel quod.', 0, '2021-01-13 05:01:19', '2021-01-13 05:01:19'),
(186, 32, 'Alf Emard', 'Voluptates et sunt voluptatum sit perspiciatis fugit quo. Qui sed corporis ut enim veniam. Omnis non hic odit sed quia nihil dolorem.', 2, '2021-01-13 05:01:19', '2021-01-13 05:01:19'),
(187, 25, 'Carolyne Lesch', 'Laborum modi magnam ut quaerat sint qui. Eius excepturi sed facere amet tempora voluptates incidunt est. Hic consequatur perspiciatis unde repellendus rerum.', 1, '2021-01-13 05:01:19', '2021-01-13 05:01:19'),
(188, 36, 'Jana Boehm', 'Non dignissimos non laudantium necessitatibus. Praesentium voluptatum ut velit blanditiis eum quia at. Eum expedita temporibus perferendis quo repudiandae aut.', 1, '2021-01-13 05:01:19', '2021-01-13 05:01:19'),
(189, 47, 'Ezekiel Mills', 'Illum nihil necessitatibus inventore qui. Natus molestias qui facere ut est. Odit et id aut.', 2, '2021-01-13 05:01:19', '2021-01-13 05:01:19'),
(190, 18, 'Phoebe Bechtelar', 'Unde neque mollitia doloribus non. Aliquid architecto voluptate dicta consequatur dolores. Nostrum harum exercitationem eos nihil.', 0, '2021-01-13 05:01:19', '2021-01-13 05:01:19'),
(191, 15, 'Dangelo Kuhlman', 'Laudantium at exercitationem quibusdam. Non qui repellendus in et.', 1, '2021-01-13 05:01:19', '2021-01-13 05:01:19'),
(192, 21, 'Michale Krajcik', 'Hic iure accusantium ipsam voluptate necessitatibus ex nostrum. Et placeat qui sapiente maxime rem sed ea. Est illo ut aut.', 4, '2021-01-13 05:01:19', '2021-01-13 05:01:19'),
(193, 16, 'Montana Conroy', 'Fugiat et et est molestias. Animi asperiores quo voluptas est. Velit repellat est debitis et consequatur non. Eos natus nobis laboriosam velit quis voluptatem dolores.', 3, '2021-01-13 05:01:19', '2021-01-13 05:01:19'),
(194, 40, 'Alva Bartoletti V', 'Quis odit fuga repellendus aut repellendus maiores dolores. Quo qui ea dolores est deserunt. Atque corporis et veritatis molestias nam sed similique. Unde rem quis ut rerum asperiores.', 1, '2021-01-13 05:01:19', '2021-01-13 05:01:19'),
(195, 25, 'Lacy Will', 'A sint adipisci aut. Voluptatem ut et dicta dolore excepturi dolor asperiores. Cupiditate delectus quis repellendus sit quasi. Autem rerum reprehenderit sunt pariatur inventore.', 3, '2021-01-13 05:01:19', '2021-01-13 05:01:19'),
(196, 6, 'Ms. Felicity Ernser', 'Rem voluptatem labore quia ea harum odio quia. Veniam maiores in consequatur debitis voluptates quia velit. Earum eligendi quae expedita quae expedita aut deleniti. Veniam corrupti cum excepturi error et.', 1, '2021-01-13 05:01:19', '2021-01-13 05:01:19'),
(197, 40, 'Margie Raynor', 'Et culpa tempore nam animi perferendis quo. Fugit iste recusandae voluptas. Corporis consequatur odio a est. Qui qui laboriosam architecto ullam accusamus porro ut. Dolorum dolores unde in aut numquam praesentium.', 4, '2021-01-13 05:01:19', '2021-01-13 05:01:19'),
(198, 7, 'Lindsey Volkman', 'Vero consectetur numquam aliquam optio voluptatum. Fugit est culpa eveniet voluptas quisquam hic aliquam.', 4, '2021-01-13 05:01:19', '2021-01-13 05:01:19'),
(199, 46, 'Johnathan Bauch', 'Quas voluptatibus et animi eveniet rerum velit magni. Quo non voluptatem tempora. Fugiat et natus eius qui tempore possimus.', 2, '2021-01-13 05:01:19', '2021-01-13 05:01:19'),
(200, 20, 'Dessie Rutherford', 'Non iste architecto culpa doloremque voluptas cum aut. Ratione voluptatem ipsa ipsum rem minima. Eius temporibus quas hic consequatur quis velit. Dolores vel dolores corrupti dolor omnis.', 4, '2021-01-13 05:01:19', '2021-01-13 05:01:19'),
(201, 18, 'Linda Kemmer MD', 'Eveniet qui eius blanditiis porro nihil mollitia autem velit. Blanditiis et accusamus qui quasi consectetur cum enim. Quaerat fugit numquam dolorem eos.', 4, '2021-01-13 05:01:19', '2021-01-13 05:01:19'),
(202, 33, 'Dr. Johnathon Runolfsson', 'Sint voluptatem modi ducimus. Quia ratione et non consequuntur. Ullam dolorum unde voluptatem qui corrupti dolor adipisci.', 0, '2021-01-13 05:01:19', '2021-01-13 05:01:19'),
(203, 38, 'Shyann Casper', 'Dolorum eaque beatae dolore et corporis animi autem voluptatem. Nesciunt eos ratione dolores eveniet eius ducimus minus. Sint excepturi est laudantium et nihil quis dolorum deleniti. Saepe assumenda accusantium provident laboriosam.', 4, '2021-01-13 05:01:19', '2021-01-13 05:01:19'),
(204, 38, 'Dr. Dandre Smith III', 'Sunt eligendi exercitationem iure eligendi ex et nesciunt. Corrupti aliquam et quo laboriosam laborum dolorem iure. Quia corporis ducimus sequi minima. Necessitatibus temporibus sed hic culpa.', 1, '2021-01-13 05:01:19', '2021-01-13 05:01:19'),
(205, 45, 'Dorcas Daugherty', 'Aut ut saepe vero et praesentium. Nihil id qui voluptatem non molestias. Quos doloribus non omnis neque consequuntur perspiciatis et. Rerum enim hic sed illo et voluptas.', 4, '2021-01-13 05:01:19', '2021-01-13 05:01:19'),
(206, 48, 'Virginia Dach', 'Ipsam omnis quaerat aut quis iusto ut. Velit ut ut nostrum sapiente saepe. Nam facere soluta corporis possimus. Et tempora a aliquam.', 3, '2021-01-13 05:01:19', '2021-01-13 05:01:19'),
(207, 6, 'Mortimer Turcotte Sr.', 'Id aliquam aut voluptas aut. Numquam modi ullam et quas quia. Alias laboriosam consequatur sequi architecto in.', 2, '2021-01-13 05:01:19', '2021-01-13 05:01:19'),
(208, 20, 'Dr. Elmore Stracke', 'Quia repellat iure quidem explicabo facilis. Odit est velit similique enim aperiam qui qui. Ea laborum voluptatum et qui soluta. Laboriosam ullam veniam iure accusantium dignissimos temporibus eum enim.', 1, '2021-01-13 05:01:19', '2021-01-13 05:01:19');
INSERT INTO `reviews` (`id`, `product_id`, `customer`, `review`, `star`, `created_at`, `updated_at`) VALUES
(209, 12, 'Prof. Garfield Bernhard', 'Repellendus vero nemo qui ut non eligendi fugiat. Non dicta est sed ut. Qui consequatur tempore ut.', 2, '2021-01-13 05:01:19', '2021-01-13 05:01:19'),
(210, 4, 'Mrs. Claudie Ritchie', 'Ut id id praesentium hic natus. Molestiae distinctio nobis aperiam vero et. Aut illo id sapiente cumque.', 1, '2021-01-13 05:01:19', '2021-01-13 05:01:19'),
(211, 16, 'Rashawn Mills', 'Maxime ut id et ullam. Consequuntur reiciendis sapiente nam molestiae. Sed aliquid dolorum nihil nobis. Eos ducimus corrupti quae et quia quaerat.', 1, '2021-01-13 05:01:19', '2021-01-13 05:01:19'),
(212, 6, 'Mrs. Queen Fisher I', 'Placeat esse officiis quia. Error ratione facilis cumque quos provident id. Placeat possimus quae voluptatibus aut ea quod dolor.', 0, '2021-01-13 05:01:19', '2021-01-13 05:01:19'),
(213, 49, 'Maureen Gislason', 'Totam molestias repudiandae tempora provident enim maiores alias. Est velit quisquam qui voluptatem. Id voluptas debitis consequatur. Deserunt qui modi voluptas nostrum.', 2, '2021-01-13 05:01:19', '2021-01-13 05:01:19'),
(214, 17, 'Cassidy Oberbrunner', 'Perspiciatis omnis itaque nihil est blanditiis. Dolor amet aliquam qui et tempore deserunt. Voluptatem aperiam amet nostrum ut. Maiores fugiat tempore et beatae.', 4, '2021-01-13 05:01:19', '2021-01-13 05:01:19'),
(215, 28, 'Tomasa Erdman', 'Recusandae sunt dicta fugiat culpa architecto. Fuga qui dolor autem fugit ducimus ratione eum. Est numquam omnis qui placeat natus error.', 0, '2021-01-13 05:01:19', '2021-01-13 05:01:19'),
(216, 32, 'Miss Valerie Abshire', 'Sit et in voluptatum quia sunt exercitationem ut. Beatae assumenda quis cumque vitae qui. Iure et porro eius tenetur. Voluptas eveniet harum ex ut doloribus.', 1, '2021-01-13 05:01:19', '2021-01-13 05:01:19'),
(217, 43, 'Beaulah Swaniawski', 'Deserunt et et quo rem nihil labore voluptatibus. Accusantium odio quos qui veritatis provident atque voluptates. Vitae est cumque laboriosam aut dignissimos voluptate nihil aut. Et molestias iusto sequi enim delectus eum voluptas aut.', 4, '2021-01-13 05:01:19', '2021-01-13 05:01:19'),
(218, 41, 'Georgiana Heathcote Jr.', 'Voluptatem facere tempore autem sunt est. Fugit aspernatur blanditiis nam odit rem est. Ducimus natus et officiis blanditiis.', 3, '2021-01-13 05:01:19', '2021-01-13 05:01:19'),
(219, 11, 'Shayna Lebsack IV', 'Aperiam fuga qui veritatis ut architecto quasi vero. Et laudantium et assumenda cupiditate et rerum. Saepe praesentium voluptas et veritatis quis.', 1, '2021-01-13 05:01:19', '2021-01-13 05:01:19'),
(220, 9, 'Jonatan Langworth', 'Quia voluptatem qui qui earum. Eum odit eveniet eveniet tenetur aperiam quasi eos. Optio qui in numquam est debitis. Labore et nam molestiae.', 2, '2021-01-13 05:01:19', '2021-01-13 05:01:19'),
(221, 19, 'Ms. Rossie Connelly', 'Eos mollitia perspiciatis incidunt et. Aperiam repellat molestias repudiandae illum et voluptas molestias. Inventore soluta exercitationem rerum iure quaerat quos eligendi earum. Nisi magni illum cum tempore similique impedit sequi.', 2, '2021-01-13 05:01:19', '2021-01-13 05:01:19'),
(222, 20, 'Gerard Kunde MD', 'Et nihil optio et eos quia et. Amet temporibus eligendi labore necessitatibus hic beatae.', 0, '2021-01-13 05:01:19', '2021-01-13 05:01:19'),
(223, 13, 'Prof. Tania Ferry MD', 'In molestiae provident repellat aspernatur non eveniet labore. Repellendus ratione qui dolorem iure. Fugit vel ea qui doloremque dicta quam perferendis.', 4, '2021-01-13 05:01:19', '2021-01-13 05:01:19'),
(224, 46, 'Mr. Camron Gerhold I', 'Magni possimus eligendi harum quia eaque totam. Error minus eius officia minus omnis et. Eum corporis amet ut molestiae fugiat sint et libero. Laudantium quod nesciunt explicabo quibusdam architecto mollitia eum.', 5, '2021-01-13 05:01:19', '2021-01-13 05:01:19'),
(225, 32, 'Hilda Labadie', 'Suscipit pariatur aut provident id. Beatae vitae maiores aut dolorum autem. Neque laborum explicabo totam voluptatum nihil nobis cum. Vero et et id ipsum sint voluptatem quis tempora.', 0, '2021-01-13 05:01:19', '2021-01-13 05:01:19'),
(226, 9, 'Thad Gerhold', 'Omnis ab non similique alias occaecati aperiam. Optio quis necessitatibus soluta quis dolorem. Veritatis assumenda ut sint facilis. Possimus consequatur vel quia commodi nihil molestiae.', 5, '2021-01-13 05:01:19', '2021-01-13 05:01:19'),
(227, 41, 'Miss Vallie Mueller V', 'Deserunt in aspernatur maxime aut est autem vel. Ut exercitationem in fugit maxime ut dolor esse. Hic qui asperiores temporibus accusantium id vel.', 5, '2021-01-13 05:01:19', '2021-01-13 05:01:19'),
(228, 28, 'Dr. Loma Kulas', 'Unde possimus necessitatibus expedita sed similique. Est aspernatur quasi qui dolores. Et doloribus velit nulla at. Rerum ipsum minima est provident quisquam qui odio.', 5, '2021-01-13 05:01:19', '2021-01-13 05:01:19'),
(229, 32, 'Dr. Jace Grady', 'Officia necessitatibus quae ipsa. Ut tempora animi eius reiciendis qui. Voluptate maiores excepturi dolorem voluptas esse voluptatem.', 0, '2021-01-13 05:01:19', '2021-01-13 05:01:19'),
(230, 13, 'Beulah Dare', 'Molestiae accusantium amet est nihil adipisci. Aliquid dicta beatae qui recusandae iste sit incidunt. Non in sunt nobis. Similique accusamus et ut libero dolores qui.', 4, '2021-01-13 05:01:19', '2021-01-13 05:01:19'),
(231, 29, 'Helga Altenwerth', 'Ut qui possimus et. Consequatur deleniti ipsum unde quasi mollitia.', 4, '2021-01-13 05:01:19', '2021-01-13 05:01:19'),
(232, 27, 'Juanita Kiehn', 'Eveniet assumenda molestiae esse provident aut eaque omnis maxime. Quia voluptatem velit facilis quidem aut eius sit. Facere enim non ea corrupti. Quas adipisci rerum porro harum. Aut voluptatem ut officiis est vitae dolorem ad cum.', 5, '2021-01-13 05:01:19', '2021-01-13 05:01:19'),
(233, 46, 'Prof. Bernard Ryan PhD', 'Dolores praesentium praesentium repudiandae expedita. Libero praesentium omnis consequatur nemo sequi. Ducimus animi aut libero quaerat.', 2, '2021-01-13 05:01:19', '2021-01-13 05:01:19'),
(234, 34, 'Reyna Sauer', 'Veritatis consectetur error sed sed ut vero. Inventore et aspernatur commodi recusandae. Qui natus sequi dolorem assumenda.', 3, '2021-01-13 05:01:19', '2021-01-13 05:01:19'),
(235, 39, 'Cletus Buckridge', 'Et sapiente illo temporibus. Qui deserunt voluptate dolor laboriosam sequi ex qui. Nihil animi et dolor culpa. Soluta fugiat et dignissimos pariatur.', 2, '2021-01-13 05:01:19', '2021-01-13 05:01:19'),
(236, 21, 'Dr. Florian Beier I', 'Voluptas ut laboriosam quia quisquam saepe est aut. Magnam aut aut commodi nulla eligendi. Quo est ut iusto atque et.', 1, '2021-01-13 05:01:19', '2021-01-13 05:01:19'),
(237, 34, 'Abdiel Lehner', 'Quia eum voluptatem deleniti vero minima. Totam autem dolor consequatur dolorum dolorem eveniet veritatis et. Est velit sit accusantium voluptatem repellat aut vitae. Ut excepturi ut quia voluptatum odio itaque iure.', 5, '2021-01-13 05:01:19', '2021-01-13 05:01:19'),
(238, 49, 'Mr. Johathan Wilderman PhD', 'Sequi sed repellendus fuga sunt. Quisquam voluptates dolor qui est ratione molestias. Eos atque rem vel eius dolores. Eius vel eum rerum fuga.', 4, '2021-01-13 05:01:19', '2021-01-13 05:01:19'),
(239, 48, 'Jermaine Dooley', 'Et natus consequatur doloribus doloribus culpa quia velit eius. Et saepe amet vel mollitia. Cumque fugiat numquam ad id voluptas vel.', 3, '2021-01-13 05:01:19', '2021-01-13 05:01:19'),
(240, 32, 'Gerardo Gleason PhD', 'Eveniet excepturi dolorum qui. Sed laboriosam laudantium aut neque. Rerum est nemo iste voluptas voluptatibus sed. Et nemo quia explicabo ut nulla ut.', 3, '2021-01-13 05:01:19', '2021-01-13 05:01:19'),
(241, 47, 'Evie Christiansen', 'Recusandae hic impedit recusandae quas veniam nihil inventore. Exercitationem et repudiandae sit ut nemo. Sed placeat possimus quas fuga alias sed sapiente.', 4, '2021-01-13 05:01:19', '2021-01-13 05:01:19'),
(242, 16, 'Lazaro Mosciski', 'Perspiciatis voluptatum natus autem exercitationem modi sint nihil. Dolorem blanditiis aut odio id libero qui ea. Totam eum molestiae ut modi. Dolores eveniet quaerat officia eos eos quia.', 1, '2021-01-13 05:01:19', '2021-01-13 05:01:19'),
(243, 42, 'Prof. Filiberto White', 'Et harum natus itaque eos illum sit rerum. Ab autem ea quia molestiae. Quo illum nobis sunt et ratione nesciunt.', 1, '2021-01-13 05:01:19', '2021-01-13 05:01:19'),
(244, 36, 'Skylar Jerde', 'Maxime eum similique voluptatem nostrum modi voluptatem. Similique officiis officiis tempore aut rerum suscipit illo voluptas. Omnis quia neque non ipsa quaerat dolor ullam. Aliquid placeat blanditiis fugit.', 4, '2021-01-13 05:01:19', '2021-01-13 05:01:19'),
(245, 27, 'Reynold Parisian', 'Rerum voluptate ipsam omnis voluptatibus omnis provident. Dignissimos accusantium sed fugit nesciunt voluptas quas similique qui. Earum dolorum consequatur ea libero.', 2, '2021-01-13 05:01:19', '2021-01-13 05:01:19'),
(246, 46, 'Lavina Strosin', 'Non eveniet natus aliquid velit sit vel dolores magni. Labore pariatur quibusdam ab cum. Architecto veniam autem ullam omnis. Esse qui rerum voluptatem odit fugiat.', 4, '2021-01-13 05:01:19', '2021-01-13 05:01:19'),
(247, 10, 'Oceane Braun', 'Ea quia sint officia quasi sed odit et rerum. Fugit et ipsum quia nesciunt molestiae at consequuntur. Fuga nihil totam rerum consectetur. Alias iste perferendis sint asperiores quis similique architecto.', 5, '2021-01-13 05:01:19', '2021-01-13 05:01:19'),
(248, 15, 'Clare Harber', 'Qui vel voluptatem sint perferendis. Commodi natus officia molestiae sed. Et delectus culpa vel pariatur asperiores. Voluptatem quam sapiente perferendis quia quisquam.', 3, '2021-01-13 05:01:19', '2021-01-13 05:01:19'),
(249, 2, 'Gennaro Dicki', 'Magnam cupiditate soluta aut quaerat. Mollitia laboriosam molestiae omnis omnis nobis sit. Dolore ut eum voluptatum sit ipsam vel. Nemo nam dolorem vitae.', 4, '2021-01-13 05:01:19', '2021-01-13 05:01:19'),
(250, 10, 'Cody Willms', 'Accusamus fuga recusandae asperiores maxime voluptatem modi cum. Voluptas recusandae qui ad odio et.', 1, '2021-01-13 05:01:19', '2021-01-13 05:01:19'),
(251, 7, 'Shawn Daniel', 'Velit omnis dignissimos delectus sunt qui distinctio quae. At consequatur ipsam dolore aliquam voluptate. Quas sed sequi molestiae aut nisi. Mollitia natus magni est.', 0, '2021-01-13 05:01:19', '2021-01-13 05:01:19'),
(252, 3, 'Owen Walsh DDS', 'Non alias qui quod eum totam. Ipsum sint quo aut ut at. Sequi voluptas cum vel et. Necessitatibus nostrum earum nostrum dicta qui libero. Nihil quia aspernatur beatae eligendi.', 1, '2021-01-13 05:01:19', '2021-01-13 05:01:19'),
(253, 32, 'Branson Anderson', 'Laboriosam id rerum accusamus expedita maxime pariatur. Incidunt consectetur ut iusto id. Illo dolores rerum eum reiciendis voluptatem aut quaerat delectus.', 4, '2021-01-13 05:01:19', '2021-01-13 05:01:19'),
(254, 24, 'Rosa Kertzmann', 'Quo eligendi occaecati quia accusantium aperiam dignissimos. Sit animi dolor illo maxime architecto doloremque quia. Alias veritatis voluptas consequatur neque. Tempore sit sunt ut est eum.', 0, '2021-01-13 05:01:19', '2021-01-13 05:01:19'),
(255, 24, 'Dannie Bradtke', 'Eaque omnis et maiores laborum sed quibusdam sed. Quo itaque at et tempora omnis laborum officia. Cumque eligendi id illo dolorum et.', 2, '2021-01-13 05:01:19', '2021-01-13 05:01:19'),
(256, 9, 'Augustine Cummerata', 'Perspiciatis sit officia porro et veniam quisquam architecto. Ipsa tenetur omnis et minus quo. Ab ut dolorem est illo sit. Et tempore voluptas corrupti.', 2, '2021-01-13 05:01:19', '2021-01-13 05:01:19'),
(257, 38, 'Francisco Durgan', 'Ut corporis iusto optio cupiditate. Debitis nam maxime consequuntur maxime nihil ad aperiam. Tempora beatae rem autem id et non et. Sit et suscipit animi culpa.', 3, '2021-01-13 05:01:19', '2021-01-13 05:01:19'),
(258, 17, 'Dr. Ralph O\'Conner', 'Ut ea provident voluptatem voluptatem qui deserunt porro. Ex vel harum nisi itaque quasi voluptatem error et. Recusandae laborum eos nesciunt ut.', 2, '2021-01-13 05:01:19', '2021-01-13 05:01:19'),
(259, 35, 'Isai Johnston', 'Distinctio cum accusantium error libero nulla quia repellendus. Facere commodi mollitia praesentium dolor iste asperiores rerum.', 0, '2021-01-13 05:01:19', '2021-01-13 05:01:19'),
(260, 6, 'Cornelius Barrows', 'Modi consequatur accusantium et nam eligendi provident. Quidem qui delectus minus. Nisi qui sed sunt unde quis accusamus quod. Velit ipsum exercitationem aut.', 2, '2021-01-13 05:01:19', '2021-01-13 05:01:19'),
(261, 3, 'Helene Mante Sr.', 'Temporibus vel autem autem nesciunt. Quia natus asperiores maxime. A suscipit odio aut.', 0, '2021-01-13 05:01:19', '2021-01-13 05:01:19'),
(262, 46, 'Ms. Eryn Hansen', 'Quod nam reprehenderit vel repellendus aliquid. Ad inventore cum expedita saepe. Et quos fugiat sed temporibus dolores. Laudantium sit soluta quidem velit enim.', 3, '2021-01-13 05:01:19', '2021-01-13 05:01:19'),
(263, 16, 'Electa Rogahn', 'Delectus voluptatem perferendis minima qui incidunt repellat necessitatibus. Expedita suscipit suscipit sunt maiores. Libero aut facilis recusandae commodi.', 0, '2021-01-13 05:01:19', '2021-01-13 05:01:19'),
(264, 19, 'Adriel Bayer', 'Sit accusantium quibusdam numquam beatae eveniet non a quisquam. Occaecati consequatur enim quia similique dolor sint veniam. Sed dolores mollitia quo cupiditate iure voluptatem. Blanditiis aliquam et assumenda doloremque omnis et.', 5, '2021-01-13 05:01:19', '2021-01-13 05:01:19'),
(265, 6, 'Miss Isabelle Bashirian PhD', 'Possimus vitae amet officiis nesciunt odio. Facere doloribus rerum sed. Nesciunt perferendis amet quia.', 2, '2021-01-13 05:01:19', '2021-01-13 05:01:19'),
(266, 16, 'Willie Hartmann DDS', 'Qui sed ipsa consequatur eum et. Dicta non pariatur delectus odio et officia dolore. Omnis voluptatem odit ipsam modi dolorem quo id.', 4, '2021-01-13 05:01:19', '2021-01-13 05:01:19'),
(267, 6, 'Mr. Hans Johnston', 'Error et dolorum nulla blanditiis sed. Excepturi doloremque sequi veritatis eaque aut. Qui consectetur accusamus vel excepturi facere sed accusamus odit. Quia accusamus qui aperiam voluptas molestias tenetur.', 4, '2021-01-13 05:01:19', '2021-01-13 05:01:19'),
(268, 21, 'Camilla Fay', 'Neque sit placeat quo dolores possimus. Mollitia a architecto non eum voluptatibus distinctio inventore dolorum. Nihil aut quia quisquam voluptatibus dolor.', 3, '2021-01-13 05:01:19', '2021-01-13 05:01:19'),
(269, 24, 'Leone Herman', 'Consequatur debitis tempore labore hic. Et qui saepe numquam. Eius magnam eos saepe saepe omnis natus libero.', 1, '2021-01-13 05:01:19', '2021-01-13 05:01:19'),
(270, 26, 'Orpha Schamberger', 'Delectus eaque repellendus quas nam molestiae. Deleniti sapiente dolore facilis ut. Accusamus rerum corporis eos iusto enim.', 0, '2021-01-13 05:01:19', '2021-01-13 05:01:19'),
(271, 19, 'Mrs. Rebekah Strosin I', 'Eaque aut vel libero iusto enim. Expedita et corporis magni.', 0, '2021-01-13 05:01:19', '2021-01-13 05:01:19'),
(272, 40, 'Mrs. Eulalia Kozey', 'Necessitatibus ipsam odit at eaque. Cumque iusto illum praesentium fugit a odio et. Autem corporis et maxime corporis in natus.', 0, '2021-01-13 05:01:19', '2021-01-13 05:01:19'),
(273, 25, 'Mrs. Liana Klocko I', 'Harum nisi similique sit et qui sit. Nesciunt quia perferendis voluptatibus consectetur aut.', 0, '2021-01-13 05:01:19', '2021-01-13 05:01:19'),
(274, 44, 'Prof. Kale Zulauf', 'Necessitatibus quibusdam quasi labore quos. Qui in dolor ut inventore aliquid debitis commodi. Tempore quis quia harum voluptas adipisci.', 1, '2021-01-13 05:01:19', '2021-01-13 05:01:19'),
(275, 31, 'Dana Brown', 'Nihil et sit molestiae ut harum reiciendis explicabo. Eligendi molestias eum numquam repellat ut incidunt autem. Aspernatur libero placeat ipsa dicta qui saepe soluta. Voluptatum voluptas dolorem dicta fugit sit.', 4, '2021-01-13 05:01:19', '2021-01-13 05:01:19'),
(276, 25, 'April Luettgen', 'Corrupti impedit corporis ut in vel eligendi at. Fugiat rerum facilis quia recusandae. Cupiditate eum dolores dicta non perferendis architecto. Fugiat dolor non repellat ut quis aperiam nostrum fugiat. Qui unde est quae beatae qui laudantium hic voluptatum.', 3, '2021-01-13 05:01:19', '2021-01-13 05:01:19'),
(277, 12, 'Virgil Wuckert', 'Et est distinctio est sunt eius. Facilis tempore excepturi repellat quis omnis voluptatum sint. Quas ipsa quam numquam eveniet temporibus sit officia et.', 0, '2021-01-13 05:01:19', '2021-01-13 05:01:19'),
(278, 23, 'Genevieve Grady V', 'Eos et voluptatem soluta ipsa et eum. Nihil sit doloremque et et porro nulla sint. Ducimus velit in corrupti enim nihil dolorem.', 2, '2021-01-13 05:01:19', '2021-01-13 05:01:19'),
(279, 14, 'Tamia Shanahan', 'Commodi dolor ipsum maiores sequi hic velit. Quaerat voluptates quisquam quia non rerum qui accusamus ducimus. Consectetur eveniet rerum necessitatibus voluptas et. Nisi ducimus quibusdam alias hic error cum placeat.', 4, '2021-01-13 05:01:19', '2021-01-13 05:01:19'),
(280, 21, 'Halie Schmidt', 'Nobis dolores ipsa perspiciatis assumenda. Cum hic non reprehenderit sunt voluptatem consequatur doloremque nihil.', 1, '2021-01-13 05:01:19', '2021-01-13 05:01:19'),
(281, 24, 'Catharine Parisian', 'Tempora aut minima inventore eius. Doloremque in eaque fugit et dolorem nihil tempora. Adipisci nihil molestiae illum officiis voluptatibus tempora. Officia asperiores a veniam voluptates eaque sed ut.', 4, '2021-01-13 05:01:19', '2021-01-13 05:01:19'),
(282, 28, 'Queen Graham', 'Atque facilis sed voluptas eum inventore debitis porro. Quam illo dolore ut. Sed occaecati minus maiores.', 2, '2021-01-13 05:01:19', '2021-01-13 05:01:19'),
(283, 43, 'Mrs. Annie Abernathy', 'Libero libero vero enim accusantium. Et non minus aperiam et qui. Consequatur aut qui sed et.', 1, '2021-01-13 05:01:19', '2021-01-13 05:01:19'),
(284, 12, 'Prof. Katrina Doyle Jr.', 'Dolor sed iure et in cumque. Mollitia dicta eum et beatae maxime tenetur. Ipsum fuga harum sequi earum harum provident sit non. Alias recusandae minima officiis qui.', 2, '2021-01-13 05:01:19', '2021-01-13 05:01:19'),
(285, 25, 'Dr. Bonnie Lockman', 'Voluptatem modi nostrum iure laudantium beatae tenetur. Accusamus est ullam dolorem tenetur atque ducimus autem.', 2, '2021-01-13 05:01:19', '2021-01-13 05:01:19'),
(286, 1, 'Ms. Trycia Hansen V', 'Provident aut error aut omnis. Dolores accusamus excepturi sequi occaecati expedita.', 5, '2021-01-13 05:01:19', '2021-01-13 05:01:19'),
(287, 46, 'Dr. Josh Beier', 'Error nulla sit asperiores totam est. Inventore ducimus consequatur quibusdam. Quis perspiciatis aut ipsum et debitis doloribus voluptatem. Fugit modi tenetur et tempore voluptates blanditiis.', 0, '2021-01-13 05:01:19', '2021-01-13 05:01:19'),
(288, 22, 'Ms. Trycia Becker IV', 'Quasi voluptas maxime vel et. Quia ullam atque ut deserunt quae consequatur. Optio optio neque delectus similique voluptatem.', 2, '2021-01-13 05:01:19', '2021-01-13 05:01:19'),
(289, 17, 'Gerard Strosin I', 'Molestias eos minus sequi dolor nobis quo. Esse repellendus minus sequi explicabo dicta ullam dolorem. Vel dolor est rerum est sit labore doloremque.', 0, '2021-01-13 05:01:19', '2021-01-13 05:01:19'),
(290, 43, 'Chesley Dicki', 'Animi ratione ratione et. Reprehenderit impedit quia at et ut a. Delectus fugit atque sed. Ducimus voluptas in consequatur voluptatibus aut iste maiores ullam.', 2, '2021-01-13 05:01:19', '2021-01-13 05:01:19'),
(291, 29, 'Mr. Easton Rodriguez', 'Quae voluptate cum eos et et reprehenderit quaerat rerum. Natus reprehenderit minus doloremque minima amet. Corporis rerum quaerat culpa aliquam nulla praesentium blanditiis corrupti. Ut unde non nesciunt doloremque quis et reprehenderit.', 2, '2021-01-13 05:01:19', '2021-01-13 05:01:19'),
(292, 47, 'Susanna Koepp', 'Et molestias qui vitae eum aut. Voluptatem odio dicta inventore perspiciatis et. Dolore aspernatur ut sit laborum. Autem necessitatibus atque nisi quo et est.', 4, '2021-01-13 05:01:19', '2021-01-13 05:01:19'),
(293, 20, 'Lonie Krajcik', 'Sit quis libero quod nihil voluptate distinctio exercitationem et. Ea distinctio maxime itaque asperiores repellat rerum ipsam. Est temporibus cum suscipit in quia quo enim nemo. Minima distinctio est maxime aliquid possimus et error.', 2, '2021-01-13 05:01:19', '2021-01-13 05:01:19'),
(294, 31, 'Mable Wolff II', 'Suscipit fugit voluptatem culpa numquam alias. Doloribus quo pariatur adipisci cupiditate consequatur eaque. Et et est eum incidunt earum inventore tenetur.', 1, '2021-01-13 05:01:19', '2021-01-13 05:01:19'),
(295, 47, 'Dr. Madisyn Smitham', 'Consequatur in alias et. Et tempora iusto ut nostrum. Iure necessitatibus praesentium enim quidem soluta beatae.', 4, '2021-01-13 05:01:19', '2021-01-13 05:01:19'),
(296, 30, 'Ibrahim Lockman Jr.', 'Temporibus quam fuga et quo nesciunt similique ut. Omnis eos similique minus. Necessitatibus ut officia exercitationem sit cum ad.', 4, '2021-01-13 05:01:19', '2021-01-13 05:01:19'),
(297, 45, 'Monserrat Kreiger PhD', 'Voluptas ratione rerum doloremque quis est. Non harum itaque optio hic nihil deserunt sed est. Similique at atque optio. Rem sunt ipsam a deleniti illo blanditiis veritatis.', 3, '2021-01-13 05:01:19', '2021-01-13 05:01:19'),
(298, 19, 'Prof. Lupe Hudson', 'Aut voluptate a non ad itaque. Ut et quo et facilis corrupti. Enim optio et libero rerum perferendis. Nulla pariatur sit enim enim et temporibus.', 2, '2021-01-13 05:01:19', '2021-01-13 05:01:19'),
(299, 26, 'Cordie Frami', 'Quo laborum inventore sit beatae sed asperiores. Dolorem sint veniam velit aut ipsum molestiae. Voluptas debitis excepturi et enim placeat dolores dolorem eveniet. Est ab non dolores optio et est. Delectus error nemo cupiditate id distinctio eum ea impedit.', 3, '2021-01-13 05:01:19', '2021-01-13 05:01:19'),
(300, 6, 'Dr. Ila Smitham PhD', 'Reiciendis provident totam voluptas unde dolor. Incidunt sed temporibus voluptate temporibus quisquam ut a perspiciatis. Animi et rerum occaecati.', 1, '2021-01-13 05:01:19', '2021-01-13 05:01:19');

-- --------------------------------------------------------

--
-- Struktur dari tabel `users`
--

CREATE TABLE `users` (
  `id` bigint(20) UNSIGNED NOT NULL,
  `name` varchar(255) COLLATE utf8mb4_unicode_ci NOT NULL,
  `email` varchar(255) COLLATE utf8mb4_unicode_ci NOT NULL,
  `email_verified_at` timestamp NULL DEFAULT NULL,
  `password` varchar(255) COLLATE utf8mb4_unicode_ci NOT NULL,
  `remember_token` varchar(100) COLLATE utf8mb4_unicode_ci DEFAULT NULL,
  `created_at` timestamp NULL DEFAULT NULL,
  `updated_at` timestamp NULL DEFAULT NULL
) ENGINE=InnoDB DEFAULT CHARSET=utf8mb4 COLLATE=utf8mb4_unicode_ci;

--
-- Indexes for dumped tables
--

--
-- Indeks untuk tabel `failed_jobs`
--
ALTER TABLE `failed_jobs`
  ADD PRIMARY KEY (`id`);

--
-- Indeks untuk tabel `migrations`
--
ALTER TABLE `migrations`
  ADD PRIMARY KEY (`id`);

--
-- Indeks untuk tabel `password_resets`
--
ALTER TABLE `password_resets`
  ADD KEY `password_resets_email_index` (`email`);

--
-- Indeks untuk tabel `products`
--
ALTER TABLE `products`
  ADD PRIMARY KEY (`id`);

--
-- Indeks untuk tabel `reviews`
--
ALTER TABLE `reviews`
  ADD PRIMARY KEY (`id`),
  ADD KEY `reviews_product_id_foreign` (`product_id`);

--
-- Indeks untuk tabel `users`
--
ALTER TABLE `users`
  ADD PRIMARY KEY (`id`),
  ADD UNIQUE KEY `users_email_unique` (`email`);

--
-- AUTO_INCREMENT untuk tabel yang dibuang
--

--
-- AUTO_INCREMENT untuk tabel `failed_jobs`
--
ALTER TABLE `failed_jobs`
  MODIFY `id` bigint(20) UNSIGNED NOT NULL AUTO_INCREMENT;

--
-- AUTO_INCREMENT untuk tabel `migrations`
--
ALTER TABLE `migrations`
  MODIFY `id` int(10) UNSIGNED NOT NULL AUTO_INCREMENT, AUTO_INCREMENT=11;

--
-- AUTO_INCREMENT untuk tabel `products`
--
ALTER TABLE `products`
  MODIFY `id` bigint(20) UNSIGNED NOT NULL AUTO_INCREMENT, AUTO_INCREMENT=51;

--
-- AUTO_INCREMENT untuk tabel `reviews`
--
ALTER TABLE `reviews`
  MODIFY `id` bigint(20) UNSIGNED NOT NULL AUTO_INCREMENT, AUTO_INCREMENT=301;

--
-- AUTO_INCREMENT untuk tabel `users`
--
ALTER TABLE `users`
  MODIFY `id` bigint(20) UNSIGNED NOT NULL AUTO_INCREMENT;

--
-- Ketidakleluasaan untuk tabel pelimpahan (Dumped Tables)
--

--
-- Ketidakleluasaan untuk tabel `reviews`
--
ALTER TABLE `reviews`
  ADD CONSTRAINT `reviews_product_id_foreign` FOREIGN KEY (`product_id`) REFERENCES `products` (`id`) ON DELETE CASCADE;
COMMIT;

/*!40101 SET CHARACTER_SET_CLIENT=@OLD_CHARACTER_SET_CLIENT */;
/*!40101 SET CHARACTER_SET_RESULTS=@OLD_CHARACTER_SET_RESULTS */;
/*!40101 SET COLLATION_CONNECTION=@OLD_COLLATION_CONNECTION */;
